geohash,length,lat,lon,lat_error,lon_error,in_train,in_test
qp02yc,6,-5.48492431640625,90.6536865234375,0.00274658203125,0.0054931640625,True,True
qp02yf,6,-5.47943115234375,90.6536865234375,0.00274658203125,0.0054931640625,True,True
qp02yy,6,-5.45745849609375,90.6536865234375,0.00274658203125,0.0054931640625,True,False
qp02yz,6,-5.45196533203125,90.6536865234375,0.00274658203125,0.0054931640625,True,True
qp02z1,6,-5.48492431640625,90.6646728515625,0.00274658203125,0.0054931640625,True,True
qp02z3,6,-5.48492431640625,90.6756591796875,0.00274658203125,0.0054931640625,True,True
qp02z4,6,-5.47943115234375,90.6646728515625,0.00274658203125,0.0054931640625,True,True
qp02z5,6,-5.47393798828125,90.6646728515625,0.00274658203125,0.0054931640625,True,True
qp02z6,6,-5.47943115234375,90.6756591796875,0.00274658203125,0.0054931640625,True,True
qp02z7,6,-5.47393798828125,90.6756591796875,0.00274658203125,0.0054931640625,True,True
qp02z9,6,-5.48492431640625,90.6866455078125,0.00274658203125,0.0054931640625,True,True
qp02zc,6,-5.48492431640625,90.6976318359375,0.00274658203125,0.0054931640625,True,True
qp02zd,6,-5.47943115234375,90.6866455078125,0.00274658203125,0.0054931640625,True,True
qp02ze,6,-5.47393798828125,90.6866455078125,0.00274658203125,0.0054931640625,True,True
qp02zf,6,-5.47943115234375,90.6976318359375,0.00274658203125,0.0054931640625,True,True
qp02zg,6,-5.47393798828125,90.6976318359375,0.00274658203125,0.0054931640625,True,True
qp02zh,6,-5.46844482421875,90.6646728515625,0.00274658203125,0.0054931640625,True,True
qp02zj,6,-5.46295166015625,90.6646728515625,0.00274658203125,0.0054931640625,True,True
qp02zk,6,-5.46844482421875,90.6756591796875,0.00274658203125,0.0054931640625,True,True
qp02zm,6,-5.46295166015625,90.6756591796875,0.00274658203125,0.0054931640625,True,True
qp02zn,6,-5.45745849609375,90.6646728515625,0.00274658203125,0.0054931640625,True,True
qp02zp,6,-5.45196533203125,90.6646728515625,0.00274658203125,0.0054931640625,True,True
qp02zq,6,-5.45745849609375,90.6756591796875,0.00274658203125,0.0054931640625,True,True
qp02zr,6,-5.45196533203125,90.6756591796875,0.00274658203125,0.0054931640625,True,True
qp02zs,6,-5.46844482421875,90.6866455078125,0.00274658203125,0.0054931640625,True,True
qp02zt,6,-5.46295166015625,90.6866455078125,0.00274658203125,0.0054931640625,True,True
qp02zu,6,-5.46844482421875,90.6976318359375,0.00274658203125,0.0054931640625,True,True
qp02zv,6,-5.46295166015625,90.6976318359375,0.00274658203125,0.0054931640625,True,True
qp02zw,6,-5.45745849609375,90.6866455078125,0.00274658203125,0.0054931640625,True,True
qp02zx,6,-5.45196533203125,90.6866455078125,0.00274658203125,0.0054931640625,True,True
qp02zy,6,-5.45745849609375,90.6976318359375,0.00274658203125,0.0054931640625,True,True
qp02zz,6,-5.45196533203125,90.6976318359375,0.00274658203125,0.0054931640625,True,True
qp03jq,6,-5.41351318359375,90.5877685546875,0.00274658203125,0.0054931640625,True,True
qp03jr,6,-5.40802001953125,90.5877685546875,0.00274658203125,0.0054931640625,True,True
qp03jw,6,-5.41351318359375,90.5987548828125,0.00274658203125,0.0054931640625,True,True
qp03jx,6,-5.40802001953125,90.5987548828125,0.00274658203125,0.0054931640625,True,True
qp03jy,6,-5.41351318359375,90.6097412109375,0.00274658203125,0.0054931640625,True,True
qp03jz,6,-5.40802001953125,90.6097412109375,0.00274658203125,0.0054931640625,True,True
qp03m2,6,-5.40252685546875,90.5877685546875,0.00274658203125,0.0054931640625,True,True
qp03m3,6,-5.39703369140625,90.5877685546875,0.00274658203125,0.0054931640625,True,True
qp03m6,6,-5.39154052734375,90.5877685546875,0.00274658203125,0.0054931640625,True,True
qp03m7,6,-5.38604736328125,90.5877685546875,0.00274658203125,0.0054931640625,True,True
qp03m8,6,-5.40252685546875,90.5987548828125,0.00274658203125,0.0054931640625,True,True
qp03m9,6,-5.39703369140625,90.5987548828125,0.00274658203125,0.0054931640625,True,True
qp03mb,6,-5.40252685546875,90.6097412109375,0.00274658203125,0.0054931640625,True,True
qp03mc,6,-5.39703369140625,90.6097412109375,0.00274658203125,0.0054931640625,True,True
qp03md,6,-5.39154052734375,90.5987548828125,0.00274658203125,0.0054931640625,True,True
qp03me,6,-5.38604736328125,90.5987548828125,0.00274658203125,0.0054931640625,True,True
qp03mf,6,-5.39154052734375,90.6097412109375,0.00274658203125,0.0054931640625,True,True
qp03mg,6,-5.38604736328125,90.6097412109375,0.00274658203125,0.0054931640625,True,True
qp03mk,6,-5.38055419921875,90.5877685546875,0.00274658203125,0.0054931640625,True,True
qp03mm,6,-5.37506103515625,90.5877685546875,0.00274658203125,0.0054931640625,True,True
qp03mq,6,-5.36956787109375,90.5877685546875,0.00274658203125,0.0054931640625,True,True
qp03mr,6,-5.36407470703125,90.5877685546875,0.00274658203125,0.0054931640625,True,True
qp03ms,6,-5.38055419921875,90.5987548828125,0.00274658203125,0.0054931640625,True,True
qp03mt,6,-5.37506103515625,90.5987548828125,0.00274658203125,0.0054931640625,True,True
qp03mu,6,-5.38055419921875,90.6097412109375,0.00274658203125,0.0054931640625,True,True
qp03mv,6,-5.37506103515625,90.6097412109375,0.00274658203125,0.0054931640625,True,True
qp03mw,6,-5.36956787109375,90.5987548828125,0.00274658203125,0.0054931640625,True,True
qp03mx,6,-5.36407470703125,90.5987548828125,0.00274658203125,0.0054931640625,True,True
qp03my,6,-5.36956787109375,90.6097412109375,0.00274658203125,0.0054931640625,True,True
qp03mz,6,-5.36407470703125,90.6097412109375,0.00274658203125,0.0054931640625,True,True
qp03nb,6,-5.44647216796875,90.6536865234375,0.00274658203125,0.0054931640625,True,True
qp03nd,6,-5.43548583984375,90.6427001953125,0.00274658203125,0.0054931640625,True,True
qp03nf,6,-5.43548583984375,90.6536865234375,0.00274658203125,0.0054931640625,True,True
qp03nn,6,-5.41351318359375,90.6207275390625,0.00274658203125,0.0054931640625,True,True
qp03np,6,-5.40802001953125,90.6207275390625,0.00274658203125,0.0054931640625,True,True
qp03nq,6,-5.41351318359375,90.6317138671875,0.00274658203125,0.0054931640625,True,True
qp03nr,6,-5.40802001953125,90.6317138671875,0.00274658203125,0.0054931640625,True,True
qp03nw,6,-5.41351318359375,90.6427001953125,0.00274658203125,0.0054931640625,True,True
qp03nx,6,-5.40802001953125,90.6427001953125,0.00274658203125,0.0054931640625,True,True
qp03ny,6,-5.41351318359375,90.6536865234375,0.00274658203125,0.0054931640625,True,True
qp03nz,6,-5.40802001953125,90.6536865234375,0.00274658203125,0.0054931640625,True,True
qp03p0,6,-5.44647216796875,90.6646728515625,0.00274658203125,0.0054931640625,True,True
qp03p1,6,-5.44097900390625,90.6646728515625,0.00274658203125,0.0054931640625,True,True
qp03p2,6,-5.44647216796875,90.6756591796875,0.00274658203125,0.0054931640625,True,True
qp03p3,6,-5.44097900390625,90.6756591796875,0.00274658203125,0.0054931640625,True,True
qp03p4,6,-5.43548583984375,90.6646728515625,0.00274658203125,0.0054931640625,True,True
qp03p5,6,-5.42999267578125,90.6646728515625,0.00274658203125,0.0054931640625,True,True
qp03p6,6,-5.43548583984375,90.6756591796875,0.00274658203125,0.0054931640625,True,True
qp03p7,6,-5.42999267578125,90.6756591796875,0.00274658203125,0.0054931640625,True,True
qp03p8,6,-5.44647216796875,90.6866455078125,0.00274658203125,0.0054931640625,True,True
qp03p9,6,-5.44097900390625,90.6866455078125,0.00274658203125,0.0054931640625,True,True
qp03pb,6,-5.44647216796875,90.6976318359375,0.00274658203125,0.0054931640625,True,True
qp03pc,6,-5.44097900390625,90.6976318359375,0.00274658203125,0.0054931640625,True,True
qp03pd,6,-5.43548583984375,90.6866455078125,0.00274658203125,0.0054931640625,True,True
qp03pe,6,-5.42999267578125,90.6866455078125,0.00274658203125,0.0054931640625,True,True
qp03pf,6,-5.43548583984375,90.6976318359375,0.00274658203125,0.0054931640625,True,True
qp03pg,6,-5.42999267578125,90.6976318359375,0.00274658203125,0.0054931640625,True,True
qp03pk,6,-5.42449951171875,90.6756591796875,0.00274658203125,0.0054931640625,True,True
qp03pm,6,-5.41900634765625,90.6756591796875,0.00274658203125,0.0054931640625,True,True
qp03pn,6,-5.41351318359375,90.6646728515625,0.00274658203125,0.0054931640625,True,True
qp03pp,6,-5.40802001953125,90.6646728515625,0.00274658203125,0.0054931640625,True,True
qp03pq,6,-5.41351318359375,90.6756591796875,0.00274658203125,0.0054931640625,True,True
qp03pr,6,-5.40802001953125,90.6756591796875,0.00274658203125,0.0054931640625,True,True
qp03ps,6,-5.42449951171875,90.6866455078125,0.00274658203125,0.0054931640625,True,True
qp03pt,6,-5.41900634765625,90.6866455078125,0.00274658203125,0.0054931640625,True,True
qp03pu,6,-5.42449951171875,90.6976318359375,0.00274658203125,0.0054931640625,True,True
qp03pv,6,-5.41900634765625,90.6976318359375,0.00274658203125,0.0054931640625,True,True
qp03pw,6,-5.41351318359375,90.6866455078125,0.00274658203125,0.0054931640625,True,True
qp03px,6,-5.40802001953125,90.6866455078125,0.00274658203125,0.0054931640625,True,True
qp03py,6,-5.41351318359375,90.6976318359375,0.00274658203125,0.0054931640625,True,True
qp03pz,6,-5.40802001953125,90.6976318359375,0.00274658203125,0.0054931640625,True,True
qp03q0,6,-5.40252685546875,90.6207275390625,0.00274658203125,0.0054931640625,True,True
qp03q1,6,-5.39703369140625,90.6207275390625,0.00274658203125,0.0054931640625,True,True
qp03q2,6,-5.40252685546875,90.6317138671875,0.00274658203125,0.0054931640625,True,True
qp03q3,6,-5.39703369140625,90.6317138671875,0.00274658203125,0.0054931640625,True,True
qp03q4,6,-5.39154052734375,90.6207275390625,0.00274658203125,0.0054931640625,True,True
qp03q5,6,-5.38604736328125,90.6207275390625,0.00274658203125,0.0054931640625,True,True
qp03q6,6,-5.39154052734375,90.6317138671875,0.00274658203125,0.0054931640625,True,True
qp03q7,6,-5.38604736328125,90.6317138671875,0.00274658203125,0.0054931640625,True,True
qp03q8,6,-5.40252685546875,90.6427001953125,0.00274658203125,0.0054931640625,True,True
qp03q9,6,-5.39703369140625,90.6427001953125,0.00274658203125,0.0054931640625,True,True
qp03qb,6,-5.40252685546875,90.6536865234375,0.00274658203125,0.0054931640625,True,True
qp03qc,6,-5.39703369140625,90.6536865234375,0.00274658203125,0.0054931640625,True,True
qp03qd,6,-5.39154052734375,90.6427001953125,0.00274658203125,0.0054931640625,True,True
qp03qe,6,-5.38604736328125,90.6427001953125,0.00274658203125,0.0054931640625,True,True
qp03qf,6,-5.39154052734375,90.6536865234375,0.00274658203125,0.0054931640625,True,True
qp03qg,6,-5.38604736328125,90.6536865234375,0.00274658203125,0.0054931640625,True,True
qp03qh,6,-5.38055419921875,90.6207275390625,0.00274658203125,0.0054931640625,True,True
qp03qj,6,-5.37506103515625,90.6207275390625,0.00274658203125,0.0054931640625,True,True
qp03qk,6,-5.38055419921875,90.6317138671875,0.00274658203125,0.0054931640625,True,True
qp03qm,6,-5.37506103515625,90.6317138671875,0.00274658203125,0.0054931640625,True,True
qp03qn,6,-5.36956787109375,90.6207275390625,0.00274658203125,0.0054931640625,True,True
qp03qp,6,-5.36407470703125,90.6207275390625,0.00274658203125,0.0054931640625,True,True
qp03qq,6,-5.36956787109375,90.6317138671875,0.00274658203125,0.0054931640625,True,True
qp03qr,6,-5.36407470703125,90.6317138671875,0.00274658203125,0.0054931640625,True,True
qp03qs,6,-5.38055419921875,90.6427001953125,0.00274658203125,0.0054931640625,True,True
qp03qt,6,-5.37506103515625,90.6427001953125,0.00274658203125,0.0054931640625,True,True
qp03qu,6,-5.38055419921875,90.6536865234375,0.00274658203125,0.0054931640625,True,True
qp03qv,6,-5.37506103515625,90.6536865234375,0.00274658203125,0.0054931640625,True,True
qp03qw,6,-5.36956787109375,90.6427001953125,0.00274658203125,0.0054931640625,True,True
qp03qx,6,-5.36407470703125,90.6427001953125,0.00274658203125,0.0054931640625,True,True
qp03qy,6,-5.36956787109375,90.6536865234375,0.00274658203125,0.0054931640625,True,True
qp03qz,6,-5.36407470703125,90.6536865234375,0.00274658203125,0.0054931640625,True,True
qp03r0,6,-5.40252685546875,90.6646728515625,0.00274658203125,0.0054931640625,True,True
qp03r1,6,-5.39703369140625,90.6646728515625,0.00274658203125,0.0054931640625,True,True
qp03r2,6,-5.40252685546875,90.6756591796875,0.00274658203125,0.0054931640625,True,True
qp03r3,6,-5.39703369140625,90.6756591796875,0.00274658203125,0.0054931640625,True,True
qp03r4,6,-5.39154052734375,90.6646728515625,0.00274658203125,0.0054931640625,True,True
qp03r5,6,-5.38604736328125,90.6646728515625,0.00274658203125,0.0054931640625,True,True
qp03r6,6,-5.39154052734375,90.6756591796875,0.00274658203125,0.0054931640625,True,True
qp03r7,6,-5.38604736328125,90.6756591796875,0.00274658203125,0.0054931640625,True,True
qp03r8,6,-5.40252685546875,90.6866455078125,0.00274658203125,0.0054931640625,True,True
qp03r9,6,-5.39703369140625,90.6866455078125,0.00274658203125,0.0054931640625,True,True
qp03rb,6,-5.40252685546875,90.6976318359375,0.00274658203125,0.0054931640625,True,True
qp03rc,6,-5.39703369140625,90.6976318359375,0.00274658203125,0.0054931640625,True,True
qp03rd,6,-5.39154052734375,90.6866455078125,0.00274658203125,0.0054931640625,True,True
qp03re,6,-5.38604736328125,90.6866455078125,0.00274658203125,0.0054931640625,True,True
qp03rf,6,-5.39154052734375,90.6976318359375,0.00274658203125,0.0054931640625,True,True
qp03rg,6,-5.38604736328125,90.6976318359375,0.00274658203125,0.0054931640625,True,True
qp03rh,6,-5.38055419921875,90.6646728515625,0.00274658203125,0.0054931640625,True,True
qp03rj,6,-5.37506103515625,90.6646728515625,0.00274658203125,0.0054931640625,True,True
qp03rk,6,-5.38055419921875,90.6756591796875,0.00274658203125,0.0054931640625,True,True
qp03rm,6,-5.37506103515625,90.6756591796875,0.00274658203125,0.0054931640625,True,True
qp03rn,6,-5.36956787109375,90.6646728515625,0.00274658203125,0.0054931640625,True,True
qp03rp,6,-5.36407470703125,90.6646728515625,0.00274658203125,0.0054931640625,True,True
qp03rq,6,-5.36956787109375,90.6756591796875,0.00274658203125,0.0054931640625,True,True
qp03rr,6,-5.36407470703125,90.6756591796875,0.00274658203125,0.0054931640625,True,True
qp03rs,6,-5.38055419921875,90.6866455078125,0.00274658203125,0.0054931640625,True,True
qp03rt,6,-5.37506103515625,90.6866455078125,0.00274658203125,0.0054931640625,True,True
qp03ru,6,-5.38055419921875,90.6976318359375,0.00274658203125,0.0054931640625,True,True
qp03rv,6,-5.37506103515625,90.6976318359375,0.00274658203125,0.0054931640625,True,True
qp03rw,6,-5.36956787109375,90.6866455078125,0.00274658203125,0.0054931640625,True,True
qp03rx,6,-5.36407470703125,90.6866455078125,0.00274658203125,0.0054931640625,True,True
qp03ry,6,-5.36956787109375,90.6976318359375,0.00274658203125,0.0054931640625,True,True
qp03rz,6,-5.36407470703125,90.6976318359375,0.00274658203125,0.0054931640625,True,True
qp03t2,6,-5.35858154296875,90.5877685546875,0.00274658203125,0.0054931640625,True,True
qp03t3,6,-5.35308837890625,90.5877685546875,0.00274658203125,0.0054931640625,True,True
qp03t6,6,-5.34759521484375,90.5877685546875,0.00274658203125,0.0054931640625,True,True
qp03t7,6,-5.34210205078125,90.5877685546875,0.00274658203125,0.0054931640625,True,True
qp03t8,6,-5.35858154296875,90.5987548828125,0.00274658203125,0.0054931640625,True,True
qp03t9,6,-5.35308837890625,90.5987548828125,0.00274658203125,0.0054931640625,True,True
qp03tb,6,-5.35858154296875,90.6097412109375,0.00274658203125,0.0054931640625,True,True
qp03tc,6,-5.35308837890625,90.6097412109375,0.00274658203125,0.0054931640625,True,True
qp03td,6,-5.34759521484375,90.5987548828125,0.00274658203125,0.0054931640625,True,True
qp03te,6,-5.34210205078125,90.5987548828125,0.00274658203125,0.0054931640625,True,True
qp03tf,6,-5.34759521484375,90.6097412109375,0.00274658203125,0.0054931640625,True,True
qp03tg,6,-5.34210205078125,90.6097412109375,0.00274658203125,0.0054931640625,True,True
qp03tk,6,-5.33660888671875,90.5877685546875,0.00274658203125,0.0054931640625,True,True
qp03tm,6,-5.33111572265625,90.5877685546875,0.00274658203125,0.0054931640625,True,True
qp03tq,6,-5.32562255859375,90.5877685546875,0.00274658203125,0.0054931640625,True,True
qp03tr,6,-5.32012939453125,90.5877685546875,0.00274658203125,0.0054931640625,True,True
qp03ts,6,-5.33660888671875,90.5987548828125,0.00274658203125,0.0054931640625,True,True
qp03tt,6,-5.33111572265625,90.5987548828125,0.00274658203125,0.0054931640625,True,True
qp03tu,6,-5.33660888671875,90.6097412109375,0.00274658203125,0.0054931640625,True,True
qp03tv,6,-5.33111572265625,90.6097412109375,0.00274658203125,0.0054931640625,True,True
qp03tw,6,-5.32562255859375,90.5987548828125,0.00274658203125,0.0054931640625,True,True
qp03tx,6,-5.32012939453125,90.5987548828125,0.00274658203125,0.0054931640625,True,True
qp03ty,6,-5.32562255859375,90.6097412109375,0.00274658203125,0.0054931640625,True,True
qp03tz,6,-5.32012939453125,90.6097412109375,0.00274658203125,0.0054931640625,True,True
qp03v2,6,-5.31463623046875,90.5877685546875,0.00274658203125,0.0054931640625,True,True
qp03v9,6,-5.30914306640625,90.5987548828125,0.00274658203125,0.0054931640625,True,True
qp03vb,6,-5.31463623046875,90.6097412109375,0.00274658203125,0.0054931640625,True,True
qp03vc,6,-5.30914306640625,90.6097412109375,0.00274658203125,0.0054931640625,True,True
qp03vd,6,-5.30364990234375,90.5987548828125,0.00274658203125,0.0054931640625,True,False
qp03w0,6,-5.35858154296875,90.6207275390625,0.00274658203125,0.0054931640625,True,True
qp03w1,6,-5.35308837890625,90.6207275390625,0.00274658203125,0.0054931640625,True,True
qp03w2,6,-5.35858154296875,90.6317138671875,0.00274658203125,0.0054931640625,True,True
qp03w3,6,-5.35308837890625,90.6317138671875,0.00274658203125,0.0054931640625,True,True
qp03w4,6,-5.34759521484375,90.6207275390625,0.00274658203125,0.0054931640625,True,True
qp03w5,6,-5.34210205078125,90.6207275390625,0.00274658203125,0.0054931640625,True,True
qp03w6,6,-5.34759521484375,90.6317138671875,0.00274658203125,0.0054931640625,True,True
qp03w7,6,-5.34210205078125,90.6317138671875,0.00274658203125,0.0054931640625,True,True
qp03w8,6,-5.35858154296875,90.6427001953125,0.00274658203125,0.0054931640625,True,True
qp03w9,6,-5.35308837890625,90.6427001953125,0.00274658203125,0.0054931640625,True,True
qp03wb,6,-5.35858154296875,90.6536865234375,0.00274658203125,0.0054931640625,True,True
qp03wc,6,-5.35308837890625,90.6536865234375,0.00274658203125,0.0054931640625,True,True
qp03wd,6,-5.34759521484375,90.6427001953125,0.00274658203125,0.0054931640625,True,True
qp03we,6,-5.34210205078125,90.6427001953125,0.00274658203125,0.0054931640625,True,True
qp03wf,6,-5.34759521484375,90.6536865234375,0.00274658203125,0.0054931640625,True,True
qp03wg,6,-5.34210205078125,90.6536865234375,0.00274658203125,0.0054931640625,True,True
qp03wh,6,-5.33660888671875,90.6207275390625,0.00274658203125,0.0054931640625,True,True
qp03wj,6,-5.33111572265625,90.6207275390625,0.00274658203125,0.0054931640625,True,True
qp03wk,6,-5.33660888671875,90.6317138671875,0.00274658203125,0.0054931640625,True,True
qp03wm,6,-5.33111572265625,90.6317138671875,0.00274658203125,0.0054931640625,True,True
qp03wn,6,-5.32562255859375,90.6207275390625,0.00274658203125,0.0054931640625,True,True
qp03wp,6,-5.32012939453125,90.6207275390625,0.00274658203125,0.0054931640625,True,True
qp03wq,6,-5.32562255859375,90.6317138671875,0.00274658203125,0.0054931640625,True,True
qp03wr,6,-5.32012939453125,90.6317138671875,0.00274658203125,0.0054931640625,True,True
qp03ws,6,-5.33660888671875,90.6427001953125,0.00274658203125,0.0054931640625,True,True
qp03wt,6,-5.33111572265625,90.6427001953125,0.00274658203125,0.0054931640625,True,True
qp03wu,6,-5.33660888671875,90.6536865234375,0.00274658203125,0.0054931640625,True,True
qp03wv,6,-5.33111572265625,90.6536865234375,0.00274658203125,0.0054931640625,True,True
qp03ww,6,-5.32562255859375,90.6427001953125,0.00274658203125,0.0054931640625,True,True
qp03wx,6,-5.32012939453125,90.6427001953125,0.00274658203125,0.0054931640625,True,True
qp03wy,6,-5.32562255859375,90.6536865234375,0.00274658203125,0.0054931640625,True,True
qp03wz,6,-5.32012939453125,90.6536865234375,0.00274658203125,0.0054931640625,True,True
qp03x0,6,-5.35858154296875,90.6646728515625,0.00274658203125,0.0054931640625,True,True
qp03x1,6,-5.35308837890625,90.6646728515625,0.00274658203125,0.0054931640625,True,True
qp03x2,6,-5.35858154296875,90.6756591796875,0.00274658203125,0.0054931640625,True,True
qp03x3,6,-5.35308837890625,90.6756591796875,0.00274658203125,0.0054931640625,True,True
qp03x4,6,-5.34759521484375,90.6646728515625,0.00274658203125,0.0054931640625,True,True
qp03x5,6,-5.34210205078125,90.6646728515625,0.00274658203125,0.0054931640625,True,True
qp03x6,6,-5.34759521484375,90.6756591796875,0.00274658203125,0.0054931640625,True,True
qp03x7,6,-5.34210205078125,90.6756591796875,0.00274658203125,0.0054931640625,True,True
qp03x8,6,-5.35858154296875,90.6866455078125,0.00274658203125,0.0054931640625,True,True
qp03x9,6,-5.35308837890625,90.6866455078125,0.00274658203125,0.0054931640625,True,True
qp03xb,6,-5.35858154296875,90.6976318359375,0.00274658203125,0.0054931640625,True,True
qp03xc,6,-5.35308837890625,90.6976318359375,0.00274658203125,0.0054931640625,True,True
qp03xd,6,-5.34759521484375,90.6866455078125,0.00274658203125,0.0054931640625,True,True
qp03xe,6,-5.34210205078125,90.6866455078125,0.00274658203125,0.0054931640625,True,True
qp03xf,6,-5.34759521484375,90.6976318359375,0.00274658203125,0.0054931640625,True,True
qp03xg,6,-5.34210205078125,90.6976318359375,0.00274658203125,0.0054931640625,True,True
qp03xh,6,-5.33660888671875,90.6646728515625,0.00274658203125,0.0054931640625,True,True
qp03xj,6,-5.33111572265625,90.6646728515625,0.00274658203125,0.0054931640625,True,True
qp03xk,6,-5.33660888671875,90.6756591796875,0.00274658203125,0.0054931640625,True,True
qp03xm,6,-5.33111572265625,90.6756591796875,0.00274658203125,0.0054931640625,True,True
qp03xn,6,-5.32562255859375,90.6646728515625,0.00274658203125,0.0054931640625,True,True
qp03xp,6,-5.32012939453125,90.6646728515625,0.00274658203125,0.0054931640625,True,True
qp03xq,6,-5.32562255859375,90.6756591796875,0.00274658203125,0.0054931640625,True,True
qp03xr,6,-5.32012939453125,90.6756591796875,0.00274658203125,0.0054931640625,True,True
qp03xs,6,-5.33660888671875,90.6866455078125,0.00274658203125,0.0054931640625,True,True
qp03xt,6,-5.33111572265625,90.6866455078125,0.00274658203125,0.0054931640625,True,True
qp03xu,6,-5.33660888671875,90.6976318359375,0.00274658203125,0.0054931640625,True,True
qp03xv,6,-5.33111572265625,90.6976318359375,0.00274658203125,0.0054931640625,True,True
qp03xw,6,-5.32562255859375,90.6866455078125,0.00274658203125,0.0054931640625,True,True
qp03xx,6,-5.32012939453125,90.6866455078125,0.00274658203125,0.0054931640625,True,True
qp03xy,6,-5.32562255859375,90.6976318359375,0.00274658203125,0.0054931640625,True,True
qp03xz,6,-5.32012939453125,90.6976318359375,0.00274658203125,0.0054931640625,True,True
qp03y0,6,-5.31463623046875,90.6207275390625,0.00274658203125,0.0054931640625,True,True
qp03y1,6,-5.30914306640625,90.6207275390625,0.00274658203125,0.0054931640625,True,True
qp03y2,6,-5.31463623046875,90.6317138671875,0.00274658203125,0.0054931640625,True,True
qp03y3,6,-5.30914306640625,90.6317138671875,0.00274658203125,0.0054931640625,True,True
qp03y4,6,-5.30364990234375,90.6207275390625,0.00274658203125,0.0054931640625,True,True
qp03y5,6,-5.29815673828125,90.6207275390625,0.00274658203125,0.0054931640625,True,False
qp03y6,6,-5.30364990234375,90.6317138671875,0.00274658203125,0.0054931640625,True,True
qp03y7,6,-5.29815673828125,90.6317138671875,0.00274658203125,0.0054931640625,True,True
qp03y8,6,-5.31463623046875,90.6427001953125,0.00274658203125,0.0054931640625,True,True
qp03y9,6,-5.30914306640625,90.6427001953125,0.00274658203125,0.0054931640625,True,True
qp03yb,6,-5.31463623046875,90.6536865234375,0.00274658203125,0.0054931640625,True,True
qp03yc,6,-5.30914306640625,90.6536865234375,0.00274658203125,0.0054931640625,True,True
qp03yd,6,-5.30364990234375,90.6427001953125,0.00274658203125,0.0054931640625,True,True
qp03ye,6,-5.29815673828125,90.6427001953125,0.00274658203125,0.0054931640625,True,True
qp03yf,6,-5.30364990234375,90.6536865234375,0.00274658203125,0.0054931640625,True,True
qp03yg,6,-5.29815673828125,90.6536865234375,0.00274658203125,0.0054931640625,True,True
qp03yk,6,-5.29266357421875,90.6317138671875,0.00274658203125,0.0054931640625,True,True
qp03ym,6,-5.28717041015625,90.6317138671875,0.00274658203125,0.0054931640625,True,True
qp03yn,6,-5.28167724609375,90.6207275390625,0.00274658203125,0.0054931640625,True,False
qp03yq,6,-5.28167724609375,90.6317138671875,0.00274658203125,0.0054931640625,True,True
qp03yr,6,-5.27618408203125,90.6317138671875,0.00274658203125,0.0054931640625,True,False
qp03ys,6,-5.29266357421875,90.6427001953125,0.00274658203125,0.0054931640625,True,True
qp03yt,6,-5.28717041015625,90.6427001953125,0.00274658203125,0.0054931640625,True,True
qp03yu,6,-5.29266357421875,90.6536865234375,0.00274658203125,0.0054931640625,True,True
qp03yv,6,-5.28717041015625,90.6536865234375,0.00274658203125,0.0054931640625,True,True
qp03yw,6,-5.28167724609375,90.6427001953125,0.00274658203125,0.0054931640625,True,True
qp03yx,6,-5.27618408203125,90.6427001953125,0.00274658203125,0.0054931640625,True,True
qp03yy,6,-5.28167724609375,90.6536865234375,0.00274658203125,0.0054931640625,True,True
qp03yz,6,-5.27618408203125,90.6536865234375,0.00274658203125,0.0054931640625,True,True
qp03z0,6,-5.31463623046875,90.6646728515625,0.00274658203125,0.0054931640625,True,True
qp03z1,6,-5.30914306640625,90.6646728515625,0.00274658203125,0.0054931640625,True,True
qp03z2,6,-5.31463623046875,90.6756591796875,0.00274658203125,0.0054931640625,True,True
qp03z3,6,-5.30914306640625,90.6756591796875,0.00274658203125,0.0054931640625,True,True
qp03z4,6,-5.30364990234375,90.6646728515625,0.00274658203125,0.0054931640625,True,True
qp03z5,6,-5.29815673828125,90.6646728515625,0.00274658203125,0.0054931640625,True,True
qp03z6,6,-5.30364990234375,90.6756591796875,0.00274658203125,0.0054931640625,True,True
qp03z7,6,-5.29815673828125,90.6756591796875,0.00274658203125,0.0054931640625,True,True
qp03z8,6,-5.31463623046875,90.6866455078125,0.00274658203125,0.0054931640625,True,True
qp03z9,6,-5.30914306640625,90.6866455078125,0.00274658203125,0.0054931640625,True,True
qp03zb,6,-5.31463623046875,90.6976318359375,0.00274658203125,0.0054931640625,True,True
qp03zc,6,-5.30914306640625,90.6976318359375,0.00274658203125,0.0054931640625,True,True
qp03zd,6,-5.30364990234375,90.6866455078125,0.00274658203125,0.0054931640625,True,True
qp03ze,6,-5.29815673828125,90.6866455078125,0.00274658203125,0.0054931640625,True,True
qp03zf,6,-5.30364990234375,90.6976318359375,0.00274658203125,0.0054931640625,True,True
qp03zg,6,-5.29815673828125,90.6976318359375,0.00274658203125,0.0054931640625,True,True
qp03zh,6,-5.29266357421875,90.6646728515625,0.00274658203125,0.0054931640625,True,True
qp03zj,6,-5.28717041015625,90.6646728515625,0.00274658203125,0.0054931640625,True,True
qp03zk,6,-5.29266357421875,90.6756591796875,0.00274658203125,0.0054931640625,True,True
qp03zm,6,-5.28717041015625,90.6756591796875,0.00274658203125,0.0054931640625,True,True
qp03zn,6,-5.28167724609375,90.6646728515625,0.00274658203125,0.0054931640625,True,True
qp03zp,6,-5.27618408203125,90.6646728515625,0.00274658203125,0.0054931640625,True,True
qp03zq,6,-5.28167724609375,90.6756591796875,0.00274658203125,0.0054931640625,True,True
qp03zr,6,-5.27618408203125,90.6756591796875,0.00274658203125,0.0054931640625,True,True
qp03zs,6,-5.29266357421875,90.6866455078125,0.00274658203125,0.0054931640625,True,True
qp03zt,6,-5.28717041015625,90.6866455078125,0.00274658203125,0.0054931640625,True,True
qp03zu,6,-5.29266357421875,90.6976318359375,0.00274658203125,0.0054931640625,True,True
qp03zv,6,-5.28717041015625,90.6976318359375,0.00274658203125,0.0054931640625,True,True
qp03zw,6,-5.28167724609375,90.6866455078125,0.00274658203125,0.0054931640625,True,True
qp03zy,6,-5.28167724609375,90.6976318359375,0.00274658203125,0.0054931640625,True,True
qp03zz,6,-5.27618408203125,90.6976318359375,0.00274658203125,0.0054931640625,True,True
qp06n8,6,-5.27069091796875,90.6427001953125,0.00274658203125,0.0054931640625,True,True
qp06n9,6,-5.26519775390625,90.6427001953125,0.00274658203125,0.0054931640625,True,True
qp06nb,6,-5.27069091796875,90.6536865234375,0.00274658203125,0.0054931640625,True,True
qp06nc,6,-5.26519775390625,90.6536865234375,0.00274658203125,0.0054931640625,True,True
qp06nd,6,-5.25970458984375,90.6427001953125,0.00274658203125,0.0054931640625,True,True
qp06ne,6,-5.25421142578125,90.6427001953125,0.00274658203125,0.0054931640625,True,True
qp06nf,6,-5.25970458984375,90.6536865234375,0.00274658203125,0.0054931640625,True,True
qp06ng,6,-5.25421142578125,90.6536865234375,0.00274658203125,0.0054931640625,True,True
qp06ns,6,-5.24871826171875,90.6427001953125,0.00274658203125,0.0054931640625,True,True
qp06nt,6,-5.24322509765625,90.6427001953125,0.00274658203125,0.0054931640625,True,True
qp06nu,6,-5.24871826171875,90.6536865234375,0.00274658203125,0.0054931640625,True,True
qp06nv,6,-5.24322509765625,90.6536865234375,0.00274658203125,0.0054931640625,True,True
qp06ny,6,-5.23773193359375,90.6536865234375,0.00274658203125,0.0054931640625,True,True
qp06p0,6,-5.27069091796875,90.6646728515625,0.00274658203125,0.0054931640625,True,True
qp06p1,6,-5.26519775390625,90.6646728515625,0.00274658203125,0.0054931640625,True,True
qp06p2,6,-5.27069091796875,90.6756591796875,0.00274658203125,0.0054931640625,True,True
qp06p3,6,-5.26519775390625,90.6756591796875,0.00274658203125,0.0054931640625,True,True
qp06p4,6,-5.25970458984375,90.6646728515625,0.00274658203125,0.0054931640625,True,True
qp06p5,6,-5.25421142578125,90.6646728515625,0.00274658203125,0.0054931640625,True,True
qp06p6,6,-5.25970458984375,90.6756591796875,0.00274658203125,0.0054931640625,True,True
qp06p7,6,-5.25421142578125,90.6756591796875,0.00274658203125,0.0054931640625,True,True
qp06p8,6,-5.27069091796875,90.6866455078125,0.00274658203125,0.0054931640625,True,True
qp06p9,6,-5.26519775390625,90.6866455078125,0.00274658203125,0.0054931640625,True,True
qp06pb,6,-5.27069091796875,90.6976318359375,0.00274658203125,0.0054931640625,True,True
qp06pc,6,-5.26519775390625,90.6976318359375,0.00274658203125,0.0054931640625,True,True
qp06pd,6,-5.25970458984375,90.6866455078125,0.00274658203125,0.0054931640625,True,True
qp06pe,6,-5.25421142578125,90.6866455078125,0.00274658203125,0.0054931640625,True,True
qp06pf,6,-5.25970458984375,90.6976318359375,0.00274658203125,0.0054931640625,True,True
qp06pg,6,-5.25421142578125,90.6976318359375,0.00274658203125,0.0054931640625,True,True
qp06ph,6,-5.24871826171875,90.6646728515625,0.00274658203125,0.0054931640625,True,True
qp06pj,6,-5.24322509765625,90.6646728515625,0.00274658203125,0.0054931640625,True,True
qp06pk,6,-5.24871826171875,90.6756591796875,0.00274658203125,0.0054931640625,True,True
qp06pm,6,-5.24322509765625,90.6756591796875,0.00274658203125,0.0054931640625,True,True
qp06pn,6,-5.23773193359375,90.6646728515625,0.00274658203125,0.0054931640625,True,True
qp06pq,6,-5.23773193359375,90.6756591796875,0.00274658203125,0.0054931640625,True,True
qp06ps,6,-5.24871826171875,90.6866455078125,0.00274658203125,0.0054931640625,True,True
qp06pt,6,-5.24322509765625,90.6866455078125,0.00274658203125,0.0054931640625,True,True
qp06pu,6,-5.24871826171875,90.6976318359375,0.00274658203125,0.0054931640625,True,True
qp06pv,6,-5.24322509765625,90.6976318359375,0.00274658203125,0.0054931640625,True,True
qp06pw,6,-5.23773193359375,90.6866455078125,0.00274658203125,0.0054931640625,True,True
qp06py,6,-5.23773193359375,90.6976318359375,0.00274658203125,0.0054931640625,True,True
qp08b1,6,-5.48492431640625,90.7086181640625,0.00274658203125,0.0054931640625,True,True
qp08b4,6,-5.47943115234375,90.7086181640625,0.00274658203125,0.0054931640625,True,True
qp08b5,6,-5.47393798828125,90.7086181640625,0.00274658203125,0.0054931640625,True,True
qp08b6,6,-5.47943115234375,90.7196044921875,0.00274658203125,0.0054931640625,True,True
qp08b7,6,-5.47393798828125,90.7196044921875,0.00274658203125,0.0054931640625,True,True
qp08bd,6,-5.47943115234375,90.7305908203125,0.00274658203125,0.0054931640625,True,True
qp08be,6,-5.47393798828125,90.7305908203125,0.00274658203125,0.0054931640625,True,True
qp08bg,6,-5.47393798828125,90.7415771484375,0.00274658203125,0.0054931640625,True,True
qp08bh,6,-5.46844482421875,90.7086181640625,0.00274658203125,0.0054931640625,True,True
qp08bj,6,-5.46295166015625,90.7086181640625,0.00274658203125,0.0054931640625,True,True
qp08bk,6,-5.46844482421875,90.7196044921875,0.00274658203125,0.0054931640625,True,True
qp08bm,6,-5.46295166015625,90.7196044921875,0.00274658203125,0.0054931640625,True,True
qp08bn,6,-5.45745849609375,90.7086181640625,0.00274658203125,0.0054931640625,True,True
qp08bp,6,-5.45196533203125,90.7086181640625,0.00274658203125,0.0054931640625,True,True
qp08bq,6,-5.45745849609375,90.7196044921875,0.00274658203125,0.0054931640625,True,True
qp08br,6,-5.45196533203125,90.7196044921875,0.00274658203125,0.0054931640625,True,True
qp08bs,6,-5.46844482421875,90.7305908203125,0.00274658203125,0.0054931640625,True,True
qp08bt,6,-5.46295166015625,90.7305908203125,0.00274658203125,0.0054931640625,True,False
qp08bu,6,-5.46844482421875,90.7415771484375,0.00274658203125,0.0054931640625,True,True
qp08bv,6,-5.46295166015625,90.7415771484375,0.00274658203125,0.0054931640625,True,True
qp08bw,6,-5.45745849609375,90.7305908203125,0.00274658203125,0.0054931640625,True,True
qp08bx,6,-5.45196533203125,90.7305908203125,0.00274658203125,0.0054931640625,True,True
qp08by,6,-5.45745849609375,90.7415771484375,0.00274658203125,0.0054931640625,True,True
qp08bz,6,-5.45196533203125,90.7415771484375,0.00274658203125,0.0054931640625,True,True
qp08c5,6,-5.47393798828125,90.7525634765625,0.00274658203125,0.0054931640625,True,True
qp08ch,6,-5.46844482421875,90.7525634765625,0.00274658203125,0.0054931640625,False,True
qp08cj,6,-5.46295166015625,90.7525634765625,0.00274658203125,0.0054931640625,True,True
qp08ck,6,-5.46844482421875,90.7635498046875,0.00274658203125,0.0054931640625,True,True
qp08cm,6,-5.46295166015625,90.7635498046875,0.00274658203125,0.0054931640625,True,True
qp08cn,6,-5.45745849609375,90.7525634765625,0.00274658203125,0.0054931640625,True,True
qp08cp,6,-5.45196533203125,90.7525634765625,0.00274658203125,0.0054931640625,True,True
qp08cv,6,-5.46295166015625,90.7855224609375,0.00274658203125,0.0054931640625,True,True
qp08cy,6,-5.45745849609375,90.7855224609375,0.00274658203125,0.0054931640625,True,True
qp08fh,6,-5.46844482421875,90.7965087890625,0.00274658203125,0.0054931640625,True,True
qp08fj,6,-5.46295166015625,90.7965087890625,0.00274658203125,0.0054931640625,True,True
qp08fn,6,-5.45745849609375,90.7965087890625,0.00274658203125,0.0054931640625,True,True
qp08fp,6,-5.45196533203125,90.7965087890625,0.00274658203125,0.0054931640625,True,False
qp08fq,6,-5.45745849609375,90.8074951171875,0.00274658203125,0.0054931640625,True,False
qp08fr,6,-5.45196533203125,90.8074951171875,0.00274658203125,0.0054931640625,True,True
qp08fv,6,-5.46295166015625,90.8294677734375,0.00274658203125,0.0054931640625,True,True
qp08fw,6,-5.45745849609375,90.8184814453125,0.00274658203125,0.0054931640625,True,True
qp08fx,6,-5.45196533203125,90.8184814453125,0.00274658203125,0.0054931640625,True,True
qp08fy,6,-5.45745849609375,90.8294677734375,0.00274658203125,0.0054931640625,True,True
qp08fz,6,-5.45196533203125,90.8294677734375,0.00274658203125,0.0054931640625,True,True
qp08g4,6,-5.47943115234375,90.8404541015625,0.00274658203125,0.0054931640625,False,True
qp08g5,6,-5.47393798828125,90.8404541015625,0.00274658203125,0.0054931640625,True,False
qp08g6,6,-5.47943115234375,90.8514404296875,0.00274658203125,0.0054931640625,True,True
qp08g7,6,-5.47393798828125,90.8514404296875,0.00274658203125,0.0054931640625,True,True
qp08gh,6,-5.46844482421875,90.8404541015625,0.00274658203125,0.0054931640625,True,False
qp08gj,6,-5.46295166015625,90.8404541015625,0.00274658203125,0.0054931640625,True,True
qp08gk,6,-5.46844482421875,90.8514404296875,0.00274658203125,0.0054931640625,True,True
qp08gm,6,-5.46295166015625,90.8514404296875,0.00274658203125,0.0054931640625,True,True
qp08gn,6,-5.45745849609375,90.8404541015625,0.00274658203125,0.0054931640625,True,True
qp08gp,6,-5.45196533203125,90.8404541015625,0.00274658203125,0.0054931640625,True,True
qp08gq,6,-5.45745849609375,90.8514404296875,0.00274658203125,0.0054931640625,True,True
qp08gr,6,-5.45196533203125,90.8514404296875,0.00274658203125,0.0054931640625,True,True
qp08gs,6,-5.46844482421875,90.8624267578125,0.00274658203125,0.0054931640625,True,False
qp08gt,6,-5.46295166015625,90.8624267578125,0.00274658203125,0.0054931640625,True,True
qp08gu,6,-5.46844482421875,90.8734130859375,0.00274658203125,0.0054931640625,True,False
qp08gv,6,-5.46295166015625,90.8734130859375,0.00274658203125,0.0054931640625,True,True
qp08gw,6,-5.45745849609375,90.8624267578125,0.00274658203125,0.0054931640625,True,True
qp08gx,6,-5.45196533203125,90.8624267578125,0.00274658203125,0.0054931640625,True,True
qp08gy,6,-5.45745849609375,90.8734130859375,0.00274658203125,0.0054931640625,True,True
qp08gz,6,-5.45196533203125,90.8734130859375,0.00274658203125,0.0054931640625,True,True
qp08uj,6,-5.46295166015625,90.8843994140625,0.00274658203125,0.0054931640625,True,False
qp08un,6,-5.45745849609375,90.8843994140625,0.00274658203125,0.0054931640625,True,True
qp08up,6,-5.45196533203125,90.8843994140625,0.00274658203125,0.0054931640625,True,True
qp0900,6,-5.44647216796875,90.7086181640625,0.00274658203125,0.0054931640625,True,True
qp0901,6,-5.44097900390625,90.7086181640625,0.00274658203125,0.0054931640625,True,True
qp0902,6,-5.44647216796875,90.7196044921875,0.00274658203125,0.0054931640625,True,True
qp0903,6,-5.44097900390625,90.7196044921875,0.00274658203125,0.0054931640625,True,True
qp0904,6,-5.43548583984375,90.7086181640625,0.00274658203125,0.0054931640625,True,True
qp0905,6,-5.42999267578125,90.7086181640625,0.00274658203125,0.0054931640625,True,True
qp0906,6,-5.43548583984375,90.7196044921875,0.00274658203125,0.0054931640625,True,True
qp0907,6,-5.42999267578125,90.7196044921875,0.00274658203125,0.0054931640625,True,True
qp0908,6,-5.44647216796875,90.7305908203125,0.00274658203125,0.0054931640625,True,True
qp0909,6,-5.44097900390625,90.7305908203125,0.00274658203125,0.0054931640625,True,True
qp090b,6,-5.44647216796875,90.7415771484375,0.00274658203125,0.0054931640625,True,True
qp090c,6,-5.44097900390625,90.7415771484375,0.00274658203125,0.0054931640625,True,True
qp090d,6,-5.43548583984375,90.7305908203125,0.00274658203125,0.0054931640625,True,True
qp090e,6,-5.42999267578125,90.7305908203125,0.00274658203125,0.0054931640625,True,True
qp090h,6,-5.42449951171875,90.7086181640625,0.00274658203125,0.0054931640625,True,True
qp090j,6,-5.41900634765625,90.7086181640625,0.00274658203125,0.0054931640625,True,True
qp090k,6,-5.42449951171875,90.7196044921875,0.00274658203125,0.0054931640625,True,True
qp090m,6,-5.41900634765625,90.7196044921875,0.00274658203125,0.0054931640625,True,True
qp090n,6,-5.41351318359375,90.7086181640625,0.00274658203125,0.0054931640625,True,True
qp090p,6,-5.40802001953125,90.7086181640625,0.00274658203125,0.0054931640625,True,True
qp090q,6,-5.41351318359375,90.7196044921875,0.00274658203125,0.0054931640625,True,True
qp090r,6,-5.40802001953125,90.7196044921875,0.00274658203125,0.0054931640625,True,True
qp090s,6,-5.42449951171875,90.7305908203125,0.00274658203125,0.0054931640625,True,True
qp090t,6,-5.41900634765625,90.7305908203125,0.00274658203125,0.0054931640625,True,True
qp090v,6,-5.41900634765625,90.7415771484375,0.00274658203125,0.0054931640625,True,True
qp090w,6,-5.41351318359375,90.7305908203125,0.00274658203125,0.0054931640625,True,True
qp090x,6,-5.40802001953125,90.7305908203125,0.00274658203125,0.0054931640625,True,True
qp090y,6,-5.41351318359375,90.7415771484375,0.00274658203125,0.0054931640625,True,True
qp090z,6,-5.40802001953125,90.7415771484375,0.00274658203125,0.0054931640625,True,False
qp0917,6,-5.42999267578125,90.7635498046875,0.00274658203125,0.0054931640625,True,False
qp091d,6,-5.43548583984375,90.7745361328125,0.00274658203125,0.0054931640625,False,True
qp091e,6,-5.42999267578125,90.7745361328125,0.00274658203125,0.0054931640625,True,True
qp091g,6,-5.42999267578125,90.7855224609375,0.00274658203125,0.0054931640625,True,True
qp091k,6,-5.42449951171875,90.7635498046875,0.00274658203125,0.0054931640625,True,True
qp091m,6,-5.41900634765625,90.7635498046875,0.00274658203125,0.0054931640625,True,True
qp091n,6,-5.41351318359375,90.7525634765625,0.00274658203125,0.0054931640625,False,True
qp091q,6,-5.41351318359375,90.7635498046875,0.00274658203125,0.0054931640625,True,True
qp091r,6,-5.40802001953125,90.7635498046875,0.00274658203125,0.0054931640625,True,True
qp091s,6,-5.42449951171875,90.7745361328125,0.00274658203125,0.0054931640625,True,True
qp091t,6,-5.41900634765625,90.7745361328125,0.00274658203125,0.0054931640625,True,True
qp091u,6,-5.42449951171875,90.7855224609375,0.00274658203125,0.0054931640625,True,True
qp091v,6,-5.41900634765625,90.7855224609375,0.00274658203125,0.0054931640625,True,True
qp091w,6,-5.41351318359375,90.7745361328125,0.00274658203125,0.0054931640625,True,True
qp091x,6,-5.40802001953125,90.7745361328125,0.00274658203125,0.0054931640625,True,True
qp091y,6,-5.41351318359375,90.7855224609375,0.00274658203125,0.0054931640625,True,True
qp091z,6,-5.40802001953125,90.7855224609375,0.00274658203125,0.0054931640625,True,True
qp0920,6,-5.40252685546875,90.7086181640625,0.00274658203125,0.0054931640625,True,True
qp0921,6,-5.39703369140625,90.7086181640625,0.00274658203125,0.0054931640625,True,True
qp0922,6,-5.40252685546875,90.7196044921875,0.00274658203125,0.0054931640625,True,True
qp0923,6,-5.39703369140625,90.7196044921875,0.00274658203125,0.0054931640625,True,True
qp0924,6,-5.39154052734375,90.7086181640625,0.00274658203125,0.0054931640625,True,True
qp0925,6,-5.38604736328125,90.7086181640625,0.00274658203125,0.0054931640625,True,True
qp0926,6,-5.39154052734375,90.7196044921875,0.00274658203125,0.0054931640625,True,True
qp0927,6,-5.38604736328125,90.7196044921875,0.00274658203125,0.0054931640625,True,True
qp0928,6,-5.40252685546875,90.7305908203125,0.00274658203125,0.0054931640625,True,True
qp0929,6,-5.39703369140625,90.7305908203125,0.00274658203125,0.0054931640625,True,True
qp092d,6,-5.39154052734375,90.7305908203125,0.00274658203125,0.0054931640625,True,True
qp092e,6,-5.38604736328125,90.7305908203125,0.00274658203125,0.0054931640625,True,True
qp092h,6,-5.38055419921875,90.7086181640625,0.00274658203125,0.0054931640625,True,True
qp092j,6,-5.37506103515625,90.7086181640625,0.00274658203125,0.0054931640625,True,True
qp092k,6,-5.38055419921875,90.7196044921875,0.00274658203125,0.0054931640625,True,True
qp092m,6,-5.37506103515625,90.7196044921875,0.00274658203125,0.0054931640625,True,True
qp092n,6,-5.36956787109375,90.7086181640625,0.00274658203125,0.0054931640625,True,True
qp092p,6,-5.36407470703125,90.7086181640625,0.00274658203125,0.0054931640625,True,True
qp092q,6,-5.36956787109375,90.7196044921875,0.00274658203125,0.0054931640625,True,True
qp092r,6,-5.36407470703125,90.7196044921875,0.00274658203125,0.0054931640625,True,True
qp092s,6,-5.38055419921875,90.7305908203125,0.00274658203125,0.0054931640625,True,True
qp092t,6,-5.37506103515625,90.7305908203125,0.00274658203125,0.0054931640625,True,True
qp092w,6,-5.36956787109375,90.7305908203125,0.00274658203125,0.0054931640625,True,True
qp092x,6,-5.36407470703125,90.7305908203125,0.00274658203125,0.0054931640625,True,True
qp092z,6,-5.36407470703125,90.7415771484375,0.00274658203125,0.0054931640625,True,False
qp0930,6,-5.40252685546875,90.7525634765625,0.00274658203125,0.0054931640625,True,True
qp0931,6,-5.39703369140625,90.7525634765625,0.00274658203125,0.0054931640625,True,False
qp0932,6,-5.40252685546875,90.7635498046875,0.00274658203125,0.0054931640625,True,True
qp0933,6,-5.39703369140625,90.7635498046875,0.00274658203125,0.0054931640625,True,True
qp0934,6,-5.39154052734375,90.7525634765625,0.00274658203125,0.0054931640625,True,False
qp0936,6,-5.39154052734375,90.7635498046875,0.00274658203125,0.0054931640625,True,True
qp0937,6,-5.38604736328125,90.7635498046875,0.00274658203125,0.0054931640625,True,True
qp0938,6,-5.40252685546875,90.7745361328125,0.00274658203125,0.0054931640625,True,True
qp093b,6,-5.40252685546875,90.7855224609375,0.00274658203125,0.0054931640625,True,True
qp093c,6,-5.39703369140625,90.7855224609375,0.00274658203125,0.0054931640625,True,True
qp093d,6,-5.39154052734375,90.7745361328125,0.00274658203125,0.0054931640625,True,True
qp093e,6,-5.38604736328125,90.7745361328125,0.00274658203125,0.0054931640625,True,True
qp093f,6,-5.39154052734375,90.7855224609375,0.00274658203125,0.0054931640625,True,True
qp093g,6,-5.38604736328125,90.7855224609375,0.00274658203125,0.0054931640625,True,True
qp093h,6,-5.38055419921875,90.7525634765625,0.00274658203125,0.0054931640625,True,False
qp093j,6,-5.37506103515625,90.7525634765625,0.00274658203125,0.0054931640625,True,True
qp093k,6,-5.38055419921875,90.7635498046875,0.00274658203125,0.0054931640625,True,False
qp093m,6,-5.37506103515625,90.7635498046875,0.00274658203125,0.0054931640625,True,True
qp093n,6,-5.36956787109375,90.7525634765625,0.00274658203125,0.0054931640625,True,False
qp093p,6,-5.36407470703125,90.7525634765625,0.00274658203125,0.0054931640625,True,True
qp093q,6,-5.36956787109375,90.7635498046875,0.00274658203125,0.0054931640625,True,True
qp093r,6,-5.36407470703125,90.7635498046875,0.00274658203125,0.0054931640625,True,True
qp093s,6,-5.38055419921875,90.7745361328125,0.00274658203125,0.0054931640625,True,True
qp093t,6,-5.37506103515625,90.7745361328125,0.00274658203125,0.0054931640625,True,True
qp093u,6,-5.38055419921875,90.7855224609375,0.00274658203125,0.0054931640625,True,True
qp093v,6,-5.37506103515625,90.7855224609375,0.00274658203125,0.0054931640625,True,True
qp093w,6,-5.36956787109375,90.7745361328125,0.00274658203125,0.0054931640625,True,True
qp093x,6,-5.36407470703125,90.7745361328125,0.00274658203125,0.0054931640625,True,True
qp093y,6,-5.36956787109375,90.7855224609375,0.00274658203125,0.0054931640625,True,True
qp093z,6,-5.36407470703125,90.7855224609375,0.00274658203125,0.0054931640625,True,True
qp0941,6,-5.44097900390625,90.7965087890625,0.00274658203125,0.0054931640625,True,True
qp0942,6,-5.44647216796875,90.8074951171875,0.00274658203125,0.0054931640625,True,True
qp0943,6,-5.44097900390625,90.8074951171875,0.00274658203125,0.0054931640625,True,True
qp0944,6,-5.43548583984375,90.7965087890625,0.00274658203125,0.0054931640625,True,True
qp0945,6,-5.42999267578125,90.7965087890625,0.00274658203125,0.0054931640625,True,True
qp0946,6,-5.43548583984375,90.8074951171875,0.00274658203125,0.0054931640625,True,True
qp0947,6,-5.42999267578125,90.8074951171875,0.00274658203125,0.0054931640625,True,True
qp0948,6,-5.44647216796875,90.8184814453125,0.00274658203125,0.0054931640625,True,True
qp0949,6,-5.44097900390625,90.8184814453125,0.00274658203125,0.0054931640625,True,True
qp094b,6,-5.44647216796875,90.8294677734375,0.00274658203125,0.0054931640625,True,True
qp094c,6,-5.44097900390625,90.8294677734375,0.00274658203125,0.0054931640625,True,True
qp094d,6,-5.43548583984375,90.8184814453125,0.00274658203125,0.0054931640625,True,True
qp094e,6,-5.42999267578125,90.8184814453125,0.00274658203125,0.0054931640625,True,True
qp094f,6,-5.43548583984375,90.8294677734375,0.00274658203125,0.0054931640625,True,True
qp094g,6,-5.42999267578125,90.8294677734375,0.00274658203125,0.0054931640625,True,True
qp094h,6,-5.42449951171875,90.7965087890625,0.00274658203125,0.0054931640625,True,True
qp094j,6,-5.41900634765625,90.7965087890625,0.00274658203125,0.0054931640625,True,True
qp094k,6,-5.42449951171875,90.8074951171875,0.00274658203125,0.0054931640625,True,True
qp094m,6,-5.41900634765625,90.8074951171875,0.00274658203125,0.0054931640625,True,True
qp094n,6,-5.41351318359375,90.7965087890625,0.00274658203125,0.0054931640625,True,True
qp094p,6,-5.40802001953125,90.7965087890625,0.00274658203125,0.0054931640625,True,True
qp094q,6,-5.41351318359375,90.8074951171875,0.00274658203125,0.0054931640625,True,True
qp094r,6,-5.40802001953125,90.8074951171875,0.00274658203125,0.0054931640625,True,True
qp094s,6,-5.42449951171875,90.8184814453125,0.00274658203125,0.0054931640625,True,True
qp094t,6,-5.41900634765625,90.8184814453125,0.00274658203125,0.0054931640625,True,True
qp094u,6,-5.42449951171875,90.8294677734375,0.00274658203125,0.0054931640625,True,True
qp094v,6,-5.41900634765625,90.8294677734375,0.00274658203125,0.0054931640625,True,True
qp094w,6,-5.41351318359375,90.8184814453125,0.00274658203125,0.0054931640625,True,True
qp094x,6,-5.40802001953125,90.8184814453125,0.00274658203125,0.0054931640625,True,True
qp094y,6,-5.41351318359375,90.8294677734375,0.00274658203125,0.0054931640625,True,True
qp094z,6,-5.40802001953125,90.8294677734375,0.00274658203125,0.0054931640625,True,True
qp0950,6,-5.44647216796875,90.8404541015625,0.00274658203125,0.0054931640625,True,True
qp0951,6,-5.44097900390625,90.8404541015625,0.00274658203125,0.0054931640625,True,True
qp0952,6,-5.44647216796875,90.8514404296875,0.00274658203125,0.0054931640625,True,True
qp0953,6,-5.44097900390625,90.8514404296875,0.00274658203125,0.0054931640625,True,True
qp0954,6,-5.43548583984375,90.8404541015625,0.00274658203125,0.0054931640625,True,True
qp0956,6,-5.43548583984375,90.8514404296875,0.00274658203125,0.0054931640625,True,True
qp0957,6,-5.42999267578125,90.8514404296875,0.00274658203125,0.0054931640625,True,True
qp0958,6,-5.44647216796875,90.8624267578125,0.00274658203125,0.0054931640625,True,True
qp0959,6,-5.44097900390625,90.8624267578125,0.00274658203125,0.0054931640625,True,True
qp095b,6,-5.44647216796875,90.8734130859375,0.00274658203125,0.0054931640625,True,True
qp095c,6,-5.44097900390625,90.8734130859375,0.00274658203125,0.0054931640625,True,True
qp095d,6,-5.43548583984375,90.8624267578125,0.00274658203125,0.0054931640625,True,True
qp095e,6,-5.42999267578125,90.8624267578125,0.00274658203125,0.0054931640625,True,True
qp095f,6,-5.43548583984375,90.8734130859375,0.00274658203125,0.0054931640625,True,True
qp095g,6,-5.42999267578125,90.8734130859375,0.00274658203125,0.0054931640625,True,True
qp095h,6,-5.42449951171875,90.8404541015625,0.00274658203125,0.0054931640625,True,True
qp095j,6,-5.41900634765625,90.8404541015625,0.00274658203125,0.0054931640625,True,True
qp095k,6,-5.42449951171875,90.8514404296875,0.00274658203125,0.0054931640625,True,True
qp095m,6,-5.41900634765625,90.8514404296875,0.00274658203125,0.0054931640625,True,True
qp095n,6,-5.41351318359375,90.8404541015625,0.00274658203125,0.0054931640625,True,True
qp095p,6,-5.40802001953125,90.8404541015625,0.00274658203125,0.0054931640625,True,True
qp095q,6,-5.41351318359375,90.8514404296875,0.00274658203125,0.0054931640625,True,True
qp095r,6,-5.40802001953125,90.8514404296875,0.00274658203125,0.0054931640625,True,True
qp095s,6,-5.42449951171875,90.8624267578125,0.00274658203125,0.0054931640625,True,True
qp095t,6,-5.41900634765625,90.8624267578125,0.00274658203125,0.0054931640625,True,True
qp095u,6,-5.42449951171875,90.8734130859375,0.00274658203125,0.0054931640625,True,True
qp095v,6,-5.41900634765625,90.8734130859375,0.00274658203125,0.0054931640625,True,True
qp095w,6,-5.41351318359375,90.8624267578125,0.00274658203125,0.0054931640625,True,True
qp095x,6,-5.40802001953125,90.8624267578125,0.00274658203125,0.0054931640625,True,True
qp095y,6,-5.41351318359375,90.8734130859375,0.00274658203125,0.0054931640625,True,True
qp095z,6,-5.40802001953125,90.8734130859375,0.00274658203125,0.0054931640625,True,True
qp0960,6,-5.40252685546875,90.7965087890625,0.00274658203125,0.0054931640625,True,True
qp0961,6,-5.39703369140625,90.7965087890625,0.00274658203125,0.0054931640625,True,True
qp0962,6,-5.40252685546875,90.8074951171875,0.00274658203125,0.0054931640625,True,True
qp0963,6,-5.39703369140625,90.8074951171875,0.00274658203125,0.0054931640625,True,True
qp0965,6,-5.38604736328125,90.7965087890625,0.00274658203125,0.0054931640625,False,True
qp0968,6,-5.40252685546875,90.8184814453125,0.00274658203125,0.0054931640625,True,True
qp0969,6,-5.39703369140625,90.8184814453125,0.00274658203125,0.0054931640625,True,True
qp096b,6,-5.40252685546875,90.8294677734375,0.00274658203125,0.0054931640625,True,True
qp096c,6,-5.39703369140625,90.8294677734375,0.00274658203125,0.0054931640625,True,True
qp096d,6,-5.39154052734375,90.8184814453125,0.00274658203125,0.0054931640625,True,True
qp096e,6,-5.38604736328125,90.8184814453125,0.00274658203125,0.0054931640625,True,True
qp096f,6,-5.39154052734375,90.8294677734375,0.00274658203125,0.0054931640625,True,True
qp096g,6,-5.38604736328125,90.8294677734375,0.00274658203125,0.0054931640625,True,True
qp096h,6,-5.38055419921875,90.7965087890625,0.00274658203125,0.0054931640625,True,True
qp096j,6,-5.37506103515625,90.7965087890625,0.00274658203125,0.0054931640625,True,True
qp096k,6,-5.38055419921875,90.8074951171875,0.00274658203125,0.0054931640625,True,True
qp096m,6,-5.37506103515625,90.8074951171875,0.00274658203125,0.0054931640625,True,True
qp096n,6,-5.36956787109375,90.7965087890625,0.00274658203125,0.0054931640625,True,True
qp096p,6,-5.36407470703125,90.7965087890625,0.00274658203125,0.0054931640625,True,True
qp096q,6,-5.36956787109375,90.8074951171875,0.00274658203125,0.0054931640625,True,True
qp096r,6,-5.36407470703125,90.8074951171875,0.00274658203125,0.0054931640625,True,True
qp096s,6,-5.38055419921875,90.8184814453125,0.00274658203125,0.0054931640625,True,True
qp096t,6,-5.37506103515625,90.8184814453125,0.00274658203125,0.0054931640625,True,True
qp096u,6,-5.38055419921875,90.8294677734375,0.00274658203125,0.0054931640625,True,True
qp096v,6,-5.37506103515625,90.8294677734375,0.00274658203125,0.0054931640625,True,True
qp096w,6,-5.36956787109375,90.8184814453125,0.00274658203125,0.0054931640625,True,True
qp096x,6,-5.36407470703125,90.8184814453125,0.00274658203125,0.0054931640625,True,True
qp096y,6,-5.36956787109375,90.8294677734375,0.00274658203125,0.0054931640625,True,True
qp096z,6,-5.36407470703125,90.8294677734375,0.00274658203125,0.0054931640625,True,True
qp0970,6,-5.40252685546875,90.8404541015625,0.00274658203125,0.0054931640625,True,True
qp0971,6,-5.39703369140625,90.8404541015625,0.00274658203125,0.0054931640625,True,True
qp0972,6,-5.40252685546875,90.8514404296875,0.00274658203125,0.0054931640625,True,True
qp0973,6,-5.39703369140625,90.8514404296875,0.00274658203125,0.0054931640625,True,True
qp0974,6,-5.39154052734375,90.8404541015625,0.00274658203125,0.0054931640625,True,True
qp0975,6,-5.38604736328125,90.8404541015625,0.00274658203125,0.0054931640625,True,True
qp0976,6,-5.39154052734375,90.8514404296875,0.00274658203125,0.0054931640625,True,True
qp0977,6,-5.38604736328125,90.8514404296875,0.00274658203125,0.0054931640625,True,True
qp0978,6,-5.40252685546875,90.8624267578125,0.00274658203125,0.0054931640625,True,True
qp0979,6,-5.39703369140625,90.8624267578125,0.00274658203125,0.0054931640625,True,True
qp097b,6,-5.40252685546875,90.8734130859375,0.00274658203125,0.0054931640625,True,True
qp097c,6,-5.39703369140625,90.8734130859375,0.00274658203125,0.0054931640625,True,True
qp097d,6,-5.39154052734375,90.8624267578125,0.00274658203125,0.0054931640625,True,True
qp097e,6,-5.38604736328125,90.8624267578125,0.00274658203125,0.0054931640625,True,True
qp097f,6,-5.39154052734375,90.8734130859375,0.00274658203125,0.0054931640625,True,True
qp097g,6,-5.38604736328125,90.8734130859375,0.00274658203125,0.0054931640625,True,True
qp097h,6,-5.38055419921875,90.8404541015625,0.00274658203125,0.0054931640625,True,True
qp097j,6,-5.37506103515625,90.8404541015625,0.00274658203125,0.0054931640625,True,True
qp097k,6,-5.38055419921875,90.8514404296875,0.00274658203125,0.0054931640625,True,True
qp097m,6,-5.37506103515625,90.8514404296875,0.00274658203125,0.0054931640625,True,True
qp097n,6,-5.36956787109375,90.8404541015625,0.00274658203125,0.0054931640625,True,False
qp097p,6,-5.36407470703125,90.8404541015625,0.00274658203125,0.0054931640625,True,False
qp097q,6,-5.36956787109375,90.8514404296875,0.00274658203125,0.0054931640625,True,True
qp097r,6,-5.36407470703125,90.8514404296875,0.00274658203125,0.0054931640625,True,False
qp097s,6,-5.38055419921875,90.8624267578125,0.00274658203125,0.0054931640625,True,True
qp097t,6,-5.37506103515625,90.8624267578125,0.00274658203125,0.0054931640625,True,True
qp097u,6,-5.38055419921875,90.8734130859375,0.00274658203125,0.0054931640625,True,True
qp097v,6,-5.37506103515625,90.8734130859375,0.00274658203125,0.0054931640625,True,True
qp097w,6,-5.36956787109375,90.8624267578125,0.00274658203125,0.0054931640625,True,True
qp097x,6,-5.36407470703125,90.8624267578125,0.00274658203125,0.0054931640625,True,True
qp097y,6,-5.36956787109375,90.8734130859375,0.00274658203125,0.0054931640625,True,True
qp097z,6,-5.36407470703125,90.8734130859375,0.00274658203125,0.0054931640625,True,True
qp0980,6,-5.35858154296875,90.7086181640625,0.00274658203125,0.0054931640625,True,True
qp0981,6,-5.35308837890625,90.7086181640625,0.00274658203125,0.0054931640625,True,True
qp0982,6,-5.35858154296875,90.7196044921875,0.00274658203125,0.0054931640625,True,True
qp0983,6,-5.35308837890625,90.7196044921875,0.00274658203125,0.0054931640625,True,True
qp0984,6,-5.34759521484375,90.7086181640625,0.00274658203125,0.0054931640625,True,True
qp0985,6,-5.34210205078125,90.7086181640625,0.00274658203125,0.0054931640625,True,True
qp0986,6,-5.34759521484375,90.7196044921875,0.00274658203125,0.0054931640625,True,True
qp0987,6,-5.34210205078125,90.7196044921875,0.00274658203125,0.0054931640625,True,True
qp0988,6,-5.35858154296875,90.7305908203125,0.00274658203125,0.0054931640625,True,True
qp0989,6,-5.35308837890625,90.7305908203125,0.00274658203125,0.0054931640625,True,True
qp098b,6,-5.35858154296875,90.7415771484375,0.00274658203125,0.0054931640625,True,True
qp098c,6,-5.35308837890625,90.7415771484375,0.00274658203125,0.0054931640625,True,True
qp098d,6,-5.34759521484375,90.7305908203125,0.00274658203125,0.0054931640625,True,True
qp098e,6,-5.34210205078125,90.7305908203125,0.00274658203125,0.0054931640625,True,True
qp098f,6,-5.34759521484375,90.7415771484375,0.00274658203125,0.0054931640625,True,True
qp098g,6,-5.34210205078125,90.7415771484375,0.00274658203125,0.0054931640625,True,True
qp098h,6,-5.33660888671875,90.7086181640625,0.00274658203125,0.0054931640625,True,True
qp098j,6,-5.33111572265625,90.7086181640625,0.00274658203125,0.0054931640625,True,True
qp098k,6,-5.33660888671875,90.7196044921875,0.00274658203125,0.0054931640625,True,True
qp098m,6,-5.33111572265625,90.7196044921875,0.00274658203125,0.0054931640625,True,True
qp098n,6,-5.32562255859375,90.7086181640625,0.00274658203125,0.0054931640625,True,True
qp098p,6,-5.32012939453125,90.7086181640625,0.00274658203125,0.0054931640625,True,True
qp098q,6,-5.32562255859375,90.7196044921875,0.00274658203125,0.0054931640625,True,True
qp098r,6,-5.32012939453125,90.7196044921875,0.00274658203125,0.0054931640625,True,True
qp098u,6,-5.33660888671875,90.7415771484375,0.00274658203125,0.0054931640625,True,True
qp098v,6,-5.33111572265625,90.7415771484375,0.00274658203125,0.0054931640625,True,False
qp0990,6,-5.35858154296875,90.7525634765625,0.00274658203125,0.0054931640625,True,True
qp0991,6,-5.35308837890625,90.7525634765625,0.00274658203125,0.0054931640625,True,True
qp0992,6,-5.35858154296875,90.7635498046875,0.00274658203125,0.0054931640625,True,True
qp0993,6,-5.35308837890625,90.7635498046875,0.00274658203125,0.0054931640625,True,True
qp0994,6,-5.34759521484375,90.7525634765625,0.00274658203125,0.0054931640625,True,True
qp0995,6,-5.34210205078125,90.7525634765625,0.00274658203125,0.0054931640625,True,True
qp0996,6,-5.34759521484375,90.7635498046875,0.00274658203125,0.0054931640625,True,True
qp0997,6,-5.34210205078125,90.7635498046875,0.00274658203125,0.0054931640625,True,True
qp0998,6,-5.35858154296875,90.7745361328125,0.00274658203125,0.0054931640625,True,True
qp0999,6,-5.35308837890625,90.7745361328125,0.00274658203125,0.0054931640625,True,True
qp099b,6,-5.35858154296875,90.7855224609375,0.00274658203125,0.0054931640625,True,True
qp099c,6,-5.35308837890625,90.7855224609375,0.00274658203125,0.0054931640625,True,True
qp099d,6,-5.34759521484375,90.7745361328125,0.00274658203125,0.0054931640625,True,True
qp099e,6,-5.34210205078125,90.7745361328125,0.00274658203125,0.0054931640625,True,True
qp099f,6,-5.34759521484375,90.7855224609375,0.00274658203125,0.0054931640625,True,True
qp099g,6,-5.34210205078125,90.7855224609375,0.00274658203125,0.0054931640625,True,True
qp099h,6,-5.33660888671875,90.7525634765625,0.00274658203125,0.0054931640625,True,True
qp099j,6,-5.33111572265625,90.7525634765625,0.00274658203125,0.0054931640625,True,True
qp099k,6,-5.33660888671875,90.7635498046875,0.00274658203125,0.0054931640625,True,True
qp099m,6,-5.33111572265625,90.7635498046875,0.00274658203125,0.0054931640625,True,True
qp099n,6,-5.32562255859375,90.7525634765625,0.00274658203125,0.0054931640625,True,True
qp099p,6,-5.32012939453125,90.7525634765625,0.00274658203125,0.0054931640625,True,True
qp099q,6,-5.32562255859375,90.7635498046875,0.00274658203125,0.0054931640625,True,True
qp099r,6,-5.32012939453125,90.7635498046875,0.00274658203125,0.0054931640625,True,True
qp099s,6,-5.33660888671875,90.7745361328125,0.00274658203125,0.0054931640625,True,True
qp099t,6,-5.33111572265625,90.7745361328125,0.00274658203125,0.0054931640625,True,True
qp099u,6,-5.33660888671875,90.7855224609375,0.00274658203125,0.0054931640625,True,True
qp099v,6,-5.33111572265625,90.7855224609375,0.00274658203125,0.0054931640625,True,True
qp099w,6,-5.32562255859375,90.7745361328125,0.00274658203125,0.0054931640625,True,True
qp099x,6,-5.32012939453125,90.7745361328125,0.00274658203125,0.0054931640625,True,True
qp099y,6,-5.32562255859375,90.7855224609375,0.00274658203125,0.0054931640625,True,True
qp099z,6,-5.32012939453125,90.7855224609375,0.00274658203125,0.0054931640625,True,True
qp09b0,6,-5.31463623046875,90.7086181640625,0.00274658203125,0.0054931640625,True,True
qp09b1,6,-5.30914306640625,90.7086181640625,0.00274658203125,0.0054931640625,True,True
qp09b2,6,-5.31463623046875,90.7196044921875,0.00274658203125,0.0054931640625,True,True
qp09b3,6,-5.30914306640625,90.7196044921875,0.00274658203125,0.0054931640625,True,True
qp09b4,6,-5.30364990234375,90.7086181640625,0.00274658203125,0.0054931640625,True,True
qp09b5,6,-5.29815673828125,90.7086181640625,0.00274658203125,0.0054931640625,True,True
qp09b6,6,-5.30364990234375,90.7196044921875,0.00274658203125,0.0054931640625,True,True
qp09b7,6,-5.29815673828125,90.7196044921875,0.00274658203125,0.0054931640625,True,True
qp09bd,6,-5.30364990234375,90.7305908203125,0.00274658203125,0.0054931640625,True,True
qp09be,6,-5.29815673828125,90.7305908203125,0.00274658203125,0.0054931640625,True,True
qp09bh,6,-5.29266357421875,90.7086181640625,0.00274658203125,0.0054931640625,True,True
qp09bj,6,-5.28717041015625,90.7086181640625,0.00274658203125,0.0054931640625,True,True
qp09bk,6,-5.29266357421875,90.7196044921875,0.00274658203125,0.0054931640625,True,True
qp09bm,6,-5.28717041015625,90.7196044921875,0.00274658203125,0.0054931640625,True,True
qp09bn,6,-5.28167724609375,90.7086181640625,0.00274658203125,0.0054931640625,True,True
qp09bp,6,-5.27618408203125,90.7086181640625,0.00274658203125,0.0054931640625,True,True
qp09bq,6,-5.28167724609375,90.7196044921875,0.00274658203125,0.0054931640625,True,True
qp09br,6,-5.27618408203125,90.7196044921875,0.00274658203125,0.0054931640625,True,True
qp09bt,6,-5.28717041015625,90.7305908203125,0.00274658203125,0.0054931640625,True,True
qp09bv,6,-5.28717041015625,90.7415771484375,0.00274658203125,0.0054931640625,True,False
qp09bw,6,-5.28167724609375,90.7305908203125,0.00274658203125,0.0054931640625,True,True
qp09bx,6,-5.27618408203125,90.7305908203125,0.00274658203125,0.0054931640625,True,True
qp09bz,6,-5.27618408203125,90.7415771484375,0.00274658203125,0.0054931640625,True,True
qp09c2,6,-5.31463623046875,90.7635498046875,0.00274658203125,0.0054931640625,True,False
qp09c6,6,-5.30364990234375,90.7635498046875,0.00274658203125,0.0054931640625,True,True
qp09c7,6,-5.29815673828125,90.7635498046875,0.00274658203125,0.0054931640625,True,True
qp09c8,6,-5.31463623046875,90.7745361328125,0.00274658203125,0.0054931640625,True,True
qp09c9,6,-5.30914306640625,90.7745361328125,0.00274658203125,0.0054931640625,True,True
qp09cb,6,-5.31463623046875,90.7855224609375,0.00274658203125,0.0054931640625,True,True
qp09cc,6,-5.30914306640625,90.7855224609375,0.00274658203125,0.0054931640625,True,True
qp09cd,6,-5.30364990234375,90.7745361328125,0.00274658203125,0.0054931640625,True,True
qp09ce,6,-5.29815673828125,90.7745361328125,0.00274658203125,0.0054931640625,True,True
qp09cf,6,-5.30364990234375,90.7855224609375,0.00274658203125,0.0054931640625,True,True
qp09cg,6,-5.29815673828125,90.7855224609375,0.00274658203125,0.0054931640625,True,True
qp09ch,6,-5.29266357421875,90.7525634765625,0.00274658203125,0.0054931640625,True,True
qp09cj,6,-5.28717041015625,90.7525634765625,0.00274658203125,0.0054931640625,True,True
qp09ck,6,-5.29266357421875,90.7635498046875,0.00274658203125,0.0054931640625,True,True
qp09cm,6,-5.28717041015625,90.7635498046875,0.00274658203125,0.0054931640625,True,True
qp09cn,6,-5.28167724609375,90.7525634765625,0.00274658203125,0.0054931640625,True,True
qp09cp,6,-5.27618408203125,90.7525634765625,0.00274658203125,0.0054931640625,True,True
qp09cq,6,-5.28167724609375,90.7635498046875,0.00274658203125,0.0054931640625,True,True
qp09cr,6,-5.27618408203125,90.7635498046875,0.00274658203125,0.0054931640625,True,True
qp09cs,6,-5.29266357421875,90.7745361328125,0.00274658203125,0.0054931640625,True,True
qp09ct,6,-5.28717041015625,90.7745361328125,0.00274658203125,0.0054931640625,True,True
qp09cu,6,-5.29266357421875,90.7855224609375,0.00274658203125,0.0054931640625,True,True
qp09cv,6,-5.28717041015625,90.7855224609375,0.00274658203125,0.0054931640625,True,True
qp09cw,6,-5.28167724609375,90.7745361328125,0.00274658203125,0.0054931640625,True,True
qp09cx,6,-5.27618408203125,90.7745361328125,0.00274658203125,0.0054931640625,True,True
qp09cy,6,-5.28167724609375,90.7855224609375,0.00274658203125,0.0054931640625,True,True
qp09cz,6,-5.27618408203125,90.7855224609375,0.00274658203125,0.0054931640625,True,False
qp09d1,6,-5.35308837890625,90.7965087890625,0.00274658203125,0.0054931640625,True,True
qp09d2,6,-5.35858154296875,90.8074951171875,0.00274658203125,0.0054931640625,True,True
qp09d3,6,-5.35308837890625,90.8074951171875,0.00274658203125,0.0054931640625,True,True
qp09d4,6,-5.34759521484375,90.7965087890625,0.00274658203125,0.0054931640625,True,True
qp09d5,6,-5.34210205078125,90.7965087890625,0.00274658203125,0.0054931640625,True,True
qp09d6,6,-5.34759521484375,90.8074951171875,0.00274658203125,0.0054931640625,True,True
qp09d7,6,-5.34210205078125,90.8074951171875,0.00274658203125,0.0054931640625,True,True
qp09d8,6,-5.35858154296875,90.8184814453125,0.00274658203125,0.0054931640625,True,True
qp09d9,6,-5.35308837890625,90.8184814453125,0.00274658203125,0.0054931640625,True,True
qp09db,6,-5.35858154296875,90.8294677734375,0.00274658203125,0.0054931640625,True,True
qp09dc,6,-5.35308837890625,90.8294677734375,0.00274658203125,0.0054931640625,True,True
qp09dd,6,-5.34759521484375,90.8184814453125,0.00274658203125,0.0054931640625,True,True
qp09de,6,-5.34210205078125,90.8184814453125,0.00274658203125,0.0054931640625,True,True
qp09df,6,-5.34759521484375,90.8294677734375,0.00274658203125,0.0054931640625,True,True
qp09dg,6,-5.34210205078125,90.8294677734375,0.00274658203125,0.0054931640625,True,True
qp09dh,6,-5.33660888671875,90.7965087890625,0.00274658203125,0.0054931640625,True,True
qp09dj,6,-5.33111572265625,90.7965087890625,0.00274658203125,0.0054931640625,True,True
qp09dk,6,-5.33660888671875,90.8074951171875,0.00274658203125,0.0054931640625,True,True
qp09dm,6,-5.33111572265625,90.8074951171875,0.00274658203125,0.0054931640625,True,True
qp09dn,6,-5.32562255859375,90.7965087890625,0.00274658203125,0.0054931640625,True,True
qp09dp,6,-5.32012939453125,90.7965087890625,0.00274658203125,0.0054931640625,True,True
qp09dq,6,-5.32562255859375,90.8074951171875,0.00274658203125,0.0054931640625,True,True
qp09dr,6,-5.32012939453125,90.8074951171875,0.00274658203125,0.0054931640625,True,True
qp09ds,6,-5.33660888671875,90.8184814453125,0.00274658203125,0.0054931640625,True,True
qp09dt,6,-5.33111572265625,90.8184814453125,0.00274658203125,0.0054931640625,True,True
qp09du,6,-5.33660888671875,90.8294677734375,0.00274658203125,0.0054931640625,True,True
qp09dv,6,-5.33111572265625,90.8294677734375,0.00274658203125,0.0054931640625,True,True
qp09dw,6,-5.32562255859375,90.8184814453125,0.00274658203125,0.0054931640625,True,True
qp09dx,6,-5.32012939453125,90.8184814453125,0.00274658203125,0.0054931640625,True,True
qp09e0,6,-5.35858154296875,90.8404541015625,0.00274658203125,0.0054931640625,True,True
qp09e1,6,-5.35308837890625,90.8404541015625,0.00274658203125,0.0054931640625,True,True
qp09e2,6,-5.35858154296875,90.8514404296875,0.00274658203125,0.0054931640625,True,True
qp09e3,6,-5.35308837890625,90.8514404296875,0.00274658203125,0.0054931640625,True,True
qp09e4,6,-5.34759521484375,90.8404541015625,0.00274658203125,0.0054931640625,True,True
qp09e5,6,-5.34210205078125,90.8404541015625,0.00274658203125,0.0054931640625,True,True
qp09e6,6,-5.34759521484375,90.8514404296875,0.00274658203125,0.0054931640625,True,True
qp09e7,6,-5.34210205078125,90.8514404296875,0.00274658203125,0.0054931640625,True,True
qp09e8,6,-5.35858154296875,90.8624267578125,0.00274658203125,0.0054931640625,True,True
qp09e9,6,-5.35308837890625,90.8624267578125,0.00274658203125,0.0054931640625,True,True
qp09eb,6,-5.35858154296875,90.8734130859375,0.00274658203125,0.0054931640625,True,True
qp09ec,6,-5.35308837890625,90.8734130859375,0.00274658203125,0.0054931640625,True,True
qp09ed,6,-5.34759521484375,90.8624267578125,0.00274658203125,0.0054931640625,True,True
qp09ee,6,-5.34210205078125,90.8624267578125,0.00274658203125,0.0054931640625,True,True
qp09ef,6,-5.34759521484375,90.8734130859375,0.00274658203125,0.0054931640625,True,True
qp09eh,6,-5.33660888671875,90.8404541015625,0.00274658203125,0.0054931640625,True,True
qp09ej,6,-5.33111572265625,90.8404541015625,0.00274658203125,0.0054931640625,True,True
qp09ek,6,-5.33660888671875,90.8514404296875,0.00274658203125,0.0054931640625,True,True
qp09em,6,-5.33111572265625,90.8514404296875,0.00274658203125,0.0054931640625,True,True
qp09en,6,-5.32562255859375,90.8404541015625,0.00274658203125,0.0054931640625,True,True
qp09ep,6,-5.32012939453125,90.8404541015625,0.00274658203125,0.0054931640625,True,True
qp09eq,6,-5.32562255859375,90.8514404296875,0.00274658203125,0.0054931640625,True,True
qp09er,6,-5.32012939453125,90.8514404296875,0.00274658203125,0.0054931640625,True,True
qp09es,6,-5.33660888671875,90.8624267578125,0.00274658203125,0.0054931640625,True,True
qp09et,6,-5.33111572265625,90.8624267578125,0.00274658203125,0.0054931640625,True,True
qp09eu,6,-5.33660888671875,90.8734130859375,0.00274658203125,0.0054931640625,True,True
qp09ev,6,-5.33111572265625,90.8734130859375,0.00274658203125,0.0054931640625,True,True
qp09ew,6,-5.32562255859375,90.8624267578125,0.00274658203125,0.0054931640625,True,True
qp09ex,6,-5.32012939453125,90.8624267578125,0.00274658203125,0.0054931640625,True,True
qp09ey,6,-5.32562255859375,90.8734130859375,0.00274658203125,0.0054931640625,True,True
qp09ez,6,-5.32012939453125,90.8734130859375,0.00274658203125,0.0054931640625,True,True
qp09f0,6,-5.31463623046875,90.7965087890625,0.00274658203125,0.0054931640625,True,True
qp09f1,6,-5.30914306640625,90.7965087890625,0.00274658203125,0.0054931640625,True,True
qp09f2,6,-5.31463623046875,90.8074951171875,0.00274658203125,0.0054931640625,True,True
qp09f3,6,-5.30914306640625,90.8074951171875,0.00274658203125,0.0054931640625,True,True
qp09f4,6,-5.30364990234375,90.7965087890625,0.00274658203125,0.0054931640625,True,True
qp09f5,6,-5.29815673828125,90.7965087890625,0.00274658203125,0.0054931640625,True,True
qp09f6,6,-5.30364990234375,90.8074951171875,0.00274658203125,0.0054931640625,True,True
qp09f7,6,-5.29815673828125,90.8074951171875,0.00274658203125,0.0054931640625,True,True
qp09f8,6,-5.31463623046875,90.8184814453125,0.00274658203125,0.0054931640625,True,True
qp09f9,6,-5.30914306640625,90.8184814453125,0.00274658203125,0.0054931640625,True,True
qp09fb,6,-5.31463623046875,90.8294677734375,0.00274658203125,0.0054931640625,True,True
qp09fc,6,-5.30914306640625,90.8294677734375,0.00274658203125,0.0054931640625,True,True
qp09fd,6,-5.30364990234375,90.8184814453125,0.00274658203125,0.0054931640625,True,True
qp09fe,6,-5.29815673828125,90.8184814453125,0.00274658203125,0.0054931640625,True,True
qp09ff,6,-5.30364990234375,90.8294677734375,0.00274658203125,0.0054931640625,True,True
qp09fg,6,-5.29815673828125,90.8294677734375,0.00274658203125,0.0054931640625,True,True
qp09fh,6,-5.29266357421875,90.7965087890625,0.00274658203125,0.0054931640625,True,True
qp09fj,6,-5.28717041015625,90.7965087890625,0.00274658203125,0.0054931640625,True,True
qp09fk,6,-5.29266357421875,90.8074951171875,0.00274658203125,0.0054931640625,True,True
qp09fm,6,-5.28717041015625,90.8074951171875,0.00274658203125,0.0054931640625,True,True
qp09fq,6,-5.28167724609375,90.8074951171875,0.00274658203125,0.0054931640625,True,True
qp09fr,6,-5.27618408203125,90.8074951171875,0.00274658203125,0.0054931640625,True,True
qp09fs,6,-5.29266357421875,90.8184814453125,0.00274658203125,0.0054931640625,True,True
qp09ft,6,-5.28717041015625,90.8184814453125,0.00274658203125,0.0054931640625,True,True
qp09fu,6,-5.29266357421875,90.8294677734375,0.00274658203125,0.0054931640625,True,True
qp09fv,6,-5.28717041015625,90.8294677734375,0.00274658203125,0.0054931640625,True,True
qp09fw,6,-5.28167724609375,90.8184814453125,0.00274658203125,0.0054931640625,True,True
qp09fx,6,-5.27618408203125,90.8184814453125,0.00274658203125,0.0054931640625,True,True
qp09fy,6,-5.28167724609375,90.8294677734375,0.00274658203125,0.0054931640625,True,True
qp09fz,6,-5.27618408203125,90.8294677734375,0.00274658203125,0.0054931640625,True,True
qp09g0,6,-5.31463623046875,90.8404541015625,0.00274658203125,0.0054931640625,True,True
qp09g1,6,-5.30914306640625,90.8404541015625,0.00274658203125,0.0054931640625,True,True
qp09g2,6,-5.31463623046875,90.8514404296875,0.00274658203125,0.0054931640625,True,True
qp09g3,6,-5.30914306640625,90.8514404296875,0.00274658203125,0.0054931640625,True,True
qp09g4,6,-5.30364990234375,90.8404541015625,0.00274658203125,0.0054931640625,True,True
qp09g5,6,-5.29815673828125,90.8404541015625,0.00274658203125,0.0054931640625,True,True
qp09g6,6,-5.30364990234375,90.8514404296875,0.00274658203125,0.0054931640625,True,True
qp09g7,6,-5.29815673828125,90.8514404296875,0.00274658203125,0.0054931640625,True,True
qp09g8,6,-5.31463623046875,90.8624267578125,0.00274658203125,0.0054931640625,True,True
qp09g9,6,-5.30914306640625,90.8624267578125,0.00274658203125,0.0054931640625,True,True
qp09gb,6,-5.31463623046875,90.8734130859375,0.00274658203125,0.0054931640625,True,True
qp09gc,6,-5.30914306640625,90.8734130859375,0.00274658203125,0.0054931640625,True,True
qp09gd,6,-5.30364990234375,90.8624267578125,0.00274658203125,0.0054931640625,True,False
qp09ge,6,-5.29815673828125,90.8624267578125,0.00274658203125,0.0054931640625,True,True
qp09gf,6,-5.30364990234375,90.8734130859375,0.00274658203125,0.0054931640625,True,True
qp09gg,6,-5.29815673828125,90.8734130859375,0.00274658203125,0.0054931640625,True,True
qp09gh,6,-5.29266357421875,90.8404541015625,0.00274658203125,0.0054931640625,True,True
qp09gj,6,-5.28717041015625,90.8404541015625,0.00274658203125,0.0054931640625,True,True
qp09gk,6,-5.29266357421875,90.8514404296875,0.00274658203125,0.0054931640625,True,True
qp09gm,6,-5.28717041015625,90.8514404296875,0.00274658203125,0.0054931640625,True,True
qp09gn,6,-5.28167724609375,90.8404541015625,0.00274658203125,0.0054931640625,True,True
qp09gp,6,-5.27618408203125,90.8404541015625,0.00274658203125,0.0054931640625,True,True
qp09gq,6,-5.28167724609375,90.8514404296875,0.00274658203125,0.0054931640625,True,True
qp09gr,6,-5.27618408203125,90.8514404296875,0.00274658203125,0.0054931640625,True,True
qp09gs,6,-5.29266357421875,90.8624267578125,0.00274658203125,0.0054931640625,True,True
qp09gt,6,-5.28717041015625,90.8624267578125,0.00274658203125,0.0054931640625,True,True
qp09gu,6,-5.29266357421875,90.8734130859375,0.00274658203125,0.0054931640625,True,True
qp09gv,6,-5.28717041015625,90.8734130859375,0.00274658203125,0.0054931640625,True,True
qp09gw,6,-5.28167724609375,90.8624267578125,0.00274658203125,0.0054931640625,True,True
qp09gx,6,-5.27618408203125,90.8624267578125,0.00274658203125,0.0054931640625,True,True
qp09gy,6,-5.28167724609375,90.8734130859375,0.00274658203125,0.0054931640625,True,True
qp09gz,6,-5.27618408203125,90.8734130859375,0.00274658203125,0.0054931640625,True,True
qp09h0,6,-5.44647216796875,90.8843994140625,0.00274658203125,0.0054931640625,True,True
qp09h1,6,-5.44097900390625,90.8843994140625,0.00274658203125,0.0054931640625,True,True
qp09h4,6,-5.43548583984375,90.8843994140625,0.00274658203125,0.0054931640625,True,True
qp09h5,6,-5.42999267578125,90.8843994140625,0.00274658203125,0.0054931640625,True,True
qp09h6,6,-5.43548583984375,90.8953857421875,0.00274658203125,0.0054931640625,True,False
qp09h7,6,-5.42999267578125,90.8953857421875,0.00274658203125,0.0054931640625,True,True
qp09he,6,-5.42999267578125,90.9063720703125,0.00274658203125,0.0054931640625,True,True
qp09hh,6,-5.42449951171875,90.8843994140625,0.00274658203125,0.0054931640625,True,True
qp09hj,6,-5.41900634765625,90.8843994140625,0.00274658203125,0.0054931640625,True,True
qp09hk,6,-5.42449951171875,90.8953857421875,0.00274658203125,0.0054931640625,True,True
qp09hm,6,-5.41900634765625,90.8953857421875,0.00274658203125,0.0054931640625,True,True
qp09hn,6,-5.41351318359375,90.8843994140625,0.00274658203125,0.0054931640625,True,True
qp09hp,6,-5.40802001953125,90.8843994140625,0.00274658203125,0.0054931640625,True,True
qp09hq,6,-5.41351318359375,90.8953857421875,0.00274658203125,0.0054931640625,True,True
qp09hr,6,-5.40802001953125,90.8953857421875,0.00274658203125,0.0054931640625,True,True
qp09hs,6,-5.42449951171875,90.9063720703125,0.00274658203125,0.0054931640625,True,True
qp09ht,6,-5.41900634765625,90.9063720703125,0.00274658203125,0.0054931640625,True,True
qp09hv,6,-5.41900634765625,90.9173583984375,0.00274658203125,0.0054931640625,True,True
qp09hw,6,-5.41351318359375,90.9063720703125,0.00274658203125,0.0054931640625,True,True
qp09hx,6,-5.40802001953125,90.9063720703125,0.00274658203125,0.0054931640625,True,True
qp09hy,6,-5.41351318359375,90.9173583984375,0.00274658203125,0.0054931640625,True,True
qp09hz,6,-5.40802001953125,90.9173583984375,0.00274658203125,0.0054931640625,True,True
qp09j5,6,-5.42999267578125,90.9283447265625,0.00274658203125,0.0054931640625,False,True
qp09j7,6,-5.42999267578125,90.9393310546875,0.00274658203125,0.0054931640625,True,True
qp09jb,6,-5.44647216796875,90.9613037109375,0.00274658203125,0.0054931640625,True,True
qp09jc,6,-5.44097900390625,90.9613037109375,0.00274658203125,0.0054931640625,True,False
qp09jd,6,-5.43548583984375,90.9503173828125,0.00274658203125,0.0054931640625,True,False
qp09je,6,-5.42999267578125,90.9503173828125,0.00274658203125,0.0054931640625,True,True
qp09jf,6,-5.43548583984375,90.9613037109375,0.00274658203125,0.0054931640625,True,False
qp09jg,6,-5.42999267578125,90.9613037109375,0.00274658203125,0.0054931640625,True,False
qp09jj,6,-5.41900634765625,90.9283447265625,0.00274658203125,0.0054931640625,True,False
qp09jk,6,-5.42449951171875,90.9393310546875,0.00274658203125,0.0054931640625,True,True
qp09jm,6,-5.41900634765625,90.9393310546875,0.00274658203125,0.0054931640625,True,True
qp09jn,6,-5.41351318359375,90.9283447265625,0.00274658203125,0.0054931640625,True,True
qp09jp,6,-5.40802001953125,90.9283447265625,0.00274658203125,0.0054931640625,True,True
qp09jq,6,-5.41351318359375,90.9393310546875,0.00274658203125,0.0054931640625,True,True
qp09jr,6,-5.40802001953125,90.9393310546875,0.00274658203125,0.0054931640625,True,True
qp09js,6,-5.42449951171875,90.9503173828125,0.00274658203125,0.0054931640625,True,False
qp09jt,6,-5.41900634765625,90.9503173828125,0.00274658203125,0.0054931640625,True,True
qp09ju,6,-5.42449951171875,90.9613037109375,0.00274658203125,0.0054931640625,True,True
qp09jv,6,-5.41900634765625,90.9613037109375,0.00274658203125,0.0054931640625,True,True
qp09jx,6,-5.40802001953125,90.9503173828125,0.00274658203125,0.0054931640625,True,True
qp09jz,6,-5.40802001953125,90.9613037109375,0.00274658203125,0.0054931640625,True,True
qp09k0,6,-5.40252685546875,90.8843994140625,0.00274658203125,0.0054931640625,True,True
qp09k1,6,-5.39703369140625,90.8843994140625,0.00274658203125,0.0054931640625,True,True
qp09k2,6,-5.40252685546875,90.8953857421875,0.00274658203125,0.0054931640625,True,True
qp09k3,6,-5.39703369140625,90.8953857421875,0.00274658203125,0.0054931640625,True,True
qp09k4,6,-5.39154052734375,90.8843994140625,0.00274658203125,0.0054931640625,True,True
qp09k5,6,-5.38604736328125,90.8843994140625,0.00274658203125,0.0054931640625,True,True
qp09k6,6,-5.39154052734375,90.8953857421875,0.00274658203125,0.0054931640625,True,True
qp09k7,6,-5.38604736328125,90.8953857421875,0.00274658203125,0.0054931640625,True,False
qp09k8,6,-5.40252685546875,90.9063720703125,0.00274658203125,0.0054931640625,True,True
qp09k9,6,-5.39703369140625,90.9063720703125,0.00274658203125,0.0054931640625,True,True
qp09kb,6,-5.40252685546875,90.9173583984375,0.00274658203125,0.0054931640625,True,True
qp09kc,6,-5.39703369140625,90.9173583984375,0.00274658203125,0.0054931640625,True,True
qp09kd,6,-5.39154052734375,90.9063720703125,0.00274658203125,0.0054931640625,True,True
qp09ke,6,-5.38604736328125,90.9063720703125,0.00274658203125,0.0054931640625,True,True
qp09kf,6,-5.39154052734375,90.9173583984375,0.00274658203125,0.0054931640625,True,True
qp09kj,6,-5.37506103515625,90.8843994140625,0.00274658203125,0.0054931640625,True,True
qp09km,6,-5.37506103515625,90.8953857421875,0.00274658203125,0.0054931640625,True,False
qp09kn,6,-5.36956787109375,90.8843994140625,0.00274658203125,0.0054931640625,True,True
qp09kq,6,-5.36956787109375,90.8953857421875,0.00274658203125,0.0054931640625,True,True
qp09kr,6,-5.36407470703125,90.8953857421875,0.00274658203125,0.0054931640625,True,True
qp09ks,6,-5.38055419921875,90.9063720703125,0.00274658203125,0.0054931640625,True,True
qp09kt,6,-5.37506103515625,90.9063720703125,0.00274658203125,0.0054931640625,True,True
qp09ku,6,-5.38055419921875,90.9173583984375,0.00274658203125,0.0054931640625,True,True
qp09kv,6,-5.37506103515625,90.9173583984375,0.00274658203125,0.0054931640625,True,True
qp09kw,6,-5.36956787109375,90.9063720703125,0.00274658203125,0.0054931640625,True,True
qp09kx,6,-5.36407470703125,90.9063720703125,0.00274658203125,0.0054931640625,True,True
qp09ky,6,-5.36956787109375,90.9173583984375,0.00274658203125,0.0054931640625,True,True
qp09kz,6,-5.36407470703125,90.9173583984375,0.00274658203125,0.0054931640625,True,True
qp09m0,6,-5.40252685546875,90.9283447265625,0.00274658203125,0.0054931640625,True,True
qp09m1,6,-5.39703369140625,90.9283447265625,0.00274658203125,0.0054931640625,True,True
qp09m2,6,-5.40252685546875,90.9393310546875,0.00274658203125,0.0054931640625,True,True
qp09m3,6,-5.39703369140625,90.9393310546875,0.00274658203125,0.0054931640625,True,True
qp09m7,6,-5.38604736328125,90.9393310546875,0.00274658203125,0.0054931640625,True,False
qp09m8,6,-5.40252685546875,90.9503173828125,0.00274658203125,0.0054931640625,True,True
qp09m9,6,-5.39703369140625,90.9503173828125,0.00274658203125,0.0054931640625,True,True
qp09mb,6,-5.40252685546875,90.9613037109375,0.00274658203125,0.0054931640625,True,True
qp09mc,6,-5.39703369140625,90.9613037109375,0.00274658203125,0.0054931640625,True,True
qp09md,6,-5.39154052734375,90.9503173828125,0.00274658203125,0.0054931640625,True,False
qp09me,6,-5.38604736328125,90.9503173828125,0.00274658203125,0.0054931640625,True,True
qp09mj,6,-5.37506103515625,90.9283447265625,0.00274658203125,0.0054931640625,True,True
qp09mm,6,-5.37506103515625,90.9393310546875,0.00274658203125,0.0054931640625,True,False
qp09mn,6,-5.36956787109375,90.9283447265625,0.00274658203125,0.0054931640625,True,True
qp09mp,6,-5.36407470703125,90.9283447265625,0.00274658203125,0.0054931640625,True,True
qp09mq,6,-5.36956787109375,90.9393310546875,0.00274658203125,0.0054931640625,True,True
qp09mr,6,-5.36407470703125,90.9393310546875,0.00274658203125,0.0054931640625,True,True
qp09ms,6,-5.38055419921875,90.9503173828125,0.00274658203125,0.0054931640625,True,True
qp09mt,6,-5.37506103515625,90.9503173828125,0.00274658203125,0.0054931640625,True,True
qp09mu,6,-5.38055419921875,90.9613037109375,0.00274658203125,0.0054931640625,True,True
qp09mw,6,-5.36956787109375,90.9503173828125,0.00274658203125,0.0054931640625,True,True
qp09mx,6,-5.36407470703125,90.9503173828125,0.00274658203125,0.0054931640625,True,True
qp09mz,6,-5.36407470703125,90.9613037109375,0.00274658203125,0.0054931640625,True,True
qp09n4,6,-5.43548583984375,90.9722900390625,0.00274658203125,0.0054931640625,True,False
qp09np,6,-5.40802001953125,90.9722900390625,0.00274658203125,0.0054931640625,True,True
qp09q0,6,-5.40252685546875,90.9722900390625,0.00274658203125,0.0054931640625,True,True
qp09q1,6,-5.39703369140625,90.9722900390625,0.00274658203125,0.0054931640625,True,False
qp09q4,6,-5.39154052734375,90.9722900390625,0.00274658203125,0.0054931640625,True,False
qp09q5,6,-5.38604736328125,90.9722900390625,0.00274658203125,0.0054931640625,True,True
qp09qj,6,-5.37506103515625,90.9722900390625,0.00274658203125,0.0054931640625,True,False
qp09qn,6,-5.36956787109375,90.9722900390625,0.00274658203125,0.0054931640625,True,True
qp09qp,6,-5.36407470703125,90.9722900390625,0.00274658203125,0.0054931640625,True,True
qp09s1,6,-5.35308837890625,90.8843994140625,0.00274658203125,0.0054931640625,True,False
qp09s2,6,-5.35858154296875,90.8953857421875,0.00274658203125,0.0054931640625,True,True
qp09s3,6,-5.35308837890625,90.8953857421875,0.00274658203125,0.0054931640625,True,True
qp09s4,6,-5.34759521484375,90.8843994140625,0.00274658203125,0.0054931640625,True,False
qp09s6,6,-5.34759521484375,90.8953857421875,0.00274658203125,0.0054931640625,True,True
qp09s7,6,-5.34210205078125,90.8953857421875,0.00274658203125,0.0054931640625,True,True
qp09s8,6,-5.35858154296875,90.9063720703125,0.00274658203125,0.0054931640625,True,True
qp09s9,6,-5.35308837890625,90.9063720703125,0.00274658203125,0.0054931640625,True,True
qp09sb,6,-5.35858154296875,90.9173583984375,0.00274658203125,0.0054931640625,True,True
qp09sc,6,-5.35308837890625,90.9173583984375,0.00274658203125,0.0054931640625,True,True
qp09sd,6,-5.34759521484375,90.9063720703125,0.00274658203125,0.0054931640625,True,True
qp09se,6,-5.34210205078125,90.9063720703125,0.00274658203125,0.0054931640625,True,True
qp09sf,6,-5.34759521484375,90.9173583984375,0.00274658203125,0.0054931640625,True,True
qp09sg,6,-5.34210205078125,90.9173583984375,0.00274658203125,0.0054931640625,True,True
qp09sh,6,-5.33660888671875,90.8843994140625,0.00274658203125,0.0054931640625,True,True
qp09sj,6,-5.33111572265625,90.8843994140625,0.00274658203125,0.0054931640625,True,True
qp09sk,6,-5.33660888671875,90.8953857421875,0.00274658203125,0.0054931640625,True,True
qp09sm,6,-5.33111572265625,90.8953857421875,0.00274658203125,0.0054931640625,True,True
qp09sn,6,-5.32562255859375,90.8843994140625,0.00274658203125,0.0054931640625,True,True
qp09sp,6,-5.32012939453125,90.8843994140625,0.00274658203125,0.0054931640625,True,True
qp09sq,6,-5.32562255859375,90.8953857421875,0.00274658203125,0.0054931640625,True,True
qp09sr,6,-5.32012939453125,90.8953857421875,0.00274658203125,0.0054931640625,True,True
qp09ss,6,-5.33660888671875,90.9063720703125,0.00274658203125,0.0054931640625,True,True
qp09st,6,-5.33111572265625,90.9063720703125,0.00274658203125,0.0054931640625,True,True
qp09su,6,-5.33660888671875,90.9173583984375,0.00274658203125,0.0054931640625,True,True
qp09sv,6,-5.33111572265625,90.9173583984375,0.00274658203125,0.0054931640625,True,True
qp09sw,6,-5.32562255859375,90.9063720703125,0.00274658203125,0.0054931640625,True,True
qp09sx,6,-5.32012939453125,90.9063720703125,0.00274658203125,0.0054931640625,True,True
qp09sy,6,-5.32562255859375,90.9173583984375,0.00274658203125,0.0054931640625,True,True
qp09sz,6,-5.32012939453125,90.9173583984375,0.00274658203125,0.0054931640625,True,True
qp09t0,6,-5.35858154296875,90.9283447265625,0.00274658203125,0.0054931640625,True,True
qp09t1,6,-5.35308837890625,90.9283447265625,0.00274658203125,0.0054931640625,True,False
qp09t2,6,-5.35858154296875,90.9393310546875,0.00274658203125,0.0054931640625,True,True
qp09t4,6,-5.34759521484375,90.9283447265625,0.00274658203125,0.0054931640625,True,True
qp09t5,6,-5.34210205078125,90.9283447265625,0.00274658203125,0.0054931640625,True,True
qp09t8,6,-5.35858154296875,90.9503173828125,0.00274658203125,0.0054931640625,True,True
qp09t9,6,-5.35308837890625,90.9503173828125,0.00274658203125,0.0054931640625,True,True
qp09th,6,-5.33660888671875,90.9283447265625,0.00274658203125,0.0054931640625,True,True
qp09tj,6,-5.33111572265625,90.9283447265625,0.00274658203125,0.0054931640625,True,True
qp09tk,6,-5.33660888671875,90.9393310546875,0.00274658203125,0.0054931640625,True,True
qp09tm,6,-5.33111572265625,90.9393310546875,0.00274658203125,0.0054931640625,True,True
qp09tn,6,-5.32562255859375,90.9283447265625,0.00274658203125,0.0054931640625,True,True
qp09tp,6,-5.32012939453125,90.9283447265625,0.00274658203125,0.0054931640625,True,True
qp09tq,6,-5.32562255859375,90.9393310546875,0.00274658203125,0.0054931640625,True,True
qp09tr,6,-5.32012939453125,90.9393310546875,0.00274658203125,0.0054931640625,True,True
qp09ts,6,-5.33660888671875,90.9503173828125,0.00274658203125,0.0054931640625,True,False
qp09tt,6,-5.33111572265625,90.9503173828125,0.00274658203125,0.0054931640625,True,True
qp09tv,6,-5.33111572265625,90.9613037109375,0.00274658203125,0.0054931640625,False,True
qp09tw,6,-5.32562255859375,90.9503173828125,0.00274658203125,0.0054931640625,True,True
qp09tx,6,-5.32012939453125,90.9503173828125,0.00274658203125,0.0054931640625,True,True
qp09u0,6,-5.31463623046875,90.8843994140625,0.00274658203125,0.0054931640625,True,True
qp09u1,6,-5.30914306640625,90.8843994140625,0.00274658203125,0.0054931640625,True,True
qp09u2,6,-5.31463623046875,90.8953857421875,0.00274658203125,0.0054931640625,True,True
qp09u3,6,-5.30914306640625,90.8953857421875,0.00274658203125,0.0054931640625,True,True
qp09u4,6,-5.30364990234375,90.8843994140625,0.00274658203125,0.0054931640625,True,True
qp09u5,6,-5.29815673828125,90.8843994140625,0.00274658203125,0.0054931640625,True,True
qp09u6,6,-5.30364990234375,90.8953857421875,0.00274658203125,0.0054931640625,True,True
qp09u7,6,-5.29815673828125,90.8953857421875,0.00274658203125,0.0054931640625,True,True
qp09u8,6,-5.31463623046875,90.9063720703125,0.00274658203125,0.0054931640625,True,True
qp09u9,6,-5.30914306640625,90.9063720703125,0.00274658203125,0.0054931640625,True,True
qp09ub,6,-5.31463623046875,90.9173583984375,0.00274658203125,0.0054931640625,True,True
qp09uc,6,-5.30914306640625,90.9173583984375,0.00274658203125,0.0054931640625,True,True
qp09ud,6,-5.30364990234375,90.9063720703125,0.00274658203125,0.0054931640625,True,True
qp09ue,6,-5.29815673828125,90.9063720703125,0.00274658203125,0.0054931640625,True,True
qp09uf,6,-5.30364990234375,90.9173583984375,0.00274658203125,0.0054931640625,True,True
qp09ug,6,-5.29815673828125,90.9173583984375,0.00274658203125,0.0054931640625,True,True
qp09uh,6,-5.29266357421875,90.8843994140625,0.00274658203125,0.0054931640625,True,True
qp09uj,6,-5.28717041015625,90.8843994140625,0.00274658203125,0.0054931640625,True,True
qp09uk,6,-5.29266357421875,90.8953857421875,0.00274658203125,0.0054931640625,True,True
qp09um,6,-5.28717041015625,90.8953857421875,0.00274658203125,0.0054931640625,True,True
qp09un,6,-5.28167724609375,90.8843994140625,0.00274658203125,0.0054931640625,True,True
qp09up,6,-5.27618408203125,90.8843994140625,0.00274658203125,0.0054931640625,True,True
qp09uq,6,-5.28167724609375,90.8953857421875,0.00274658203125,0.0054931640625,True,True
qp09ur,6,-5.27618408203125,90.8953857421875,0.00274658203125,0.0054931640625,True,True
qp09us,6,-5.29266357421875,90.9063720703125,0.00274658203125,0.0054931640625,True,True
qp09ut,6,-5.28717041015625,90.9063720703125,0.00274658203125,0.0054931640625,True,True
qp09uu,6,-5.29266357421875,90.9173583984375,0.00274658203125,0.0054931640625,True,True
qp09uv,6,-5.28717041015625,90.9173583984375,0.00274658203125,0.0054931640625,True,True
qp09uw,6,-5.28167724609375,90.9063720703125,0.00274658203125,0.0054931640625,True,True
qp09ux,6,-5.27618408203125,90.9063720703125,0.00274658203125,0.0054931640625,True,True
qp09uy,6,-5.28167724609375,90.9173583984375,0.00274658203125,0.0054931640625,True,True
qp09uz,6,-5.27618408203125,90.9173583984375,0.00274658203125,0.0054931640625,True,True
qp09v0,6,-5.31463623046875,90.9283447265625,0.00274658203125,0.0054931640625,True,True
qp09v1,6,-5.30914306640625,90.9283447265625,0.00274658203125,0.0054931640625,True,True
qp09v2,6,-5.31463623046875,90.9393310546875,0.00274658203125,0.0054931640625,True,True
qp09v3,6,-5.30914306640625,90.9393310546875,0.00274658203125,0.0054931640625,True,True
qp09v4,6,-5.30364990234375,90.9283447265625,0.00274658203125,0.0054931640625,True,True
qp09v6,6,-5.30364990234375,90.9393310546875,0.00274658203125,0.0054931640625,True,True
qp09v7,6,-5.29815673828125,90.9393310546875,0.00274658203125,0.0054931640625,True,False
qp09v8,6,-5.31463623046875,90.9503173828125,0.00274658203125,0.0054931640625,True,False
qp09vc,6,-5.30914306640625,90.9613037109375,0.00274658203125,0.0054931640625,True,False
qp09vd,6,-5.30364990234375,90.9503173828125,0.00274658203125,0.0054931640625,True,True
qp09ve,6,-5.29815673828125,90.9503173828125,0.00274658203125,0.0054931640625,True,True
qp09vf,6,-5.30364990234375,90.9613037109375,0.00274658203125,0.0054931640625,True,False
qp09vg,6,-5.29815673828125,90.9613037109375,0.00274658203125,0.0054931640625,True,True
qp09vh,6,-5.29266357421875,90.9283447265625,0.00274658203125,0.0054931640625,False,True
qp09vj,6,-5.28717041015625,90.9283447265625,0.00274658203125,0.0054931640625,True,True
qp09vk,6,-5.29266357421875,90.9393310546875,0.00274658203125,0.0054931640625,True,True
qp09vm,6,-5.28717041015625,90.9393310546875,0.00274658203125,0.0054931640625,True,True
qp09vn,6,-5.28167724609375,90.9283447265625,0.00274658203125,0.0054931640625,True,True
qp09vp,6,-5.27618408203125,90.9283447265625,0.00274658203125,0.0054931640625,True,True
qp09vq,6,-5.28167724609375,90.9393310546875,0.00274658203125,0.0054931640625,True,True
qp09vr,6,-5.27618408203125,90.9393310546875,0.00274658203125,0.0054931640625,True,True
qp09vs,6,-5.29266357421875,90.9503173828125,0.00274658203125,0.0054931640625,True,True
qp09vt,6,-5.28717041015625,90.9503173828125,0.00274658203125,0.0054931640625,True,True
qp09vu,6,-5.29266357421875,90.9613037109375,0.00274658203125,0.0054931640625,True,True
qp09vv,6,-5.28717041015625,90.9613037109375,0.00274658203125,0.0054931640625,True,True
qp09vw,6,-5.28167724609375,90.9503173828125,0.00274658203125,0.0054931640625,True,True
qp09vx,6,-5.27618408203125,90.9503173828125,0.00274658203125,0.0054931640625,True,True
qp09vy,6,-5.28167724609375,90.9613037109375,0.00274658203125,0.0054931640625,True,True
qp09vz,6,-5.27618408203125,90.9613037109375,0.00274658203125,0.0054931640625,True,True
qp09w0,6,-5.35858154296875,90.9722900390625,0.00274658203125,0.0054931640625,True,False
qp09w4,6,-5.34759521484375,90.9722900390625,0.00274658203125,0.0054931640625,True,False
qp09w5,6,-5.34210205078125,90.9722900390625,0.00274658203125,0.0054931640625,True,True
qp09wp,6,-5.32012939453125,90.9722900390625,0.00274658203125,0.0054931640625,True,True
qp09y0,6,-5.31463623046875,90.9722900390625,0.00274658203125,0.0054931640625,False,True
qp09y1,6,-5.30914306640625,90.9722900390625,0.00274658203125,0.0054931640625,True,True
qp09y4,6,-5.30364990234375,90.9722900390625,0.00274658203125,0.0054931640625,True,False
qp09y5,6,-5.29815673828125,90.9722900390625,0.00274658203125,0.0054931640625,True,True
qp09yh,6,-5.29266357421875,90.9722900390625,0.00274658203125,0.0054931640625,True,True
qp09yj,6,-5.28717041015625,90.9722900390625,0.00274658203125,0.0054931640625,True,True
qp09yn,6,-5.28167724609375,90.9722900390625,0.00274658203125,0.0054931640625,True,True
qp09yp,6,-5.27618408203125,90.9722900390625,0.00274658203125,0.0054931640625,True,True
qp0d00,6,-5.27069091796875,90.7086181640625,0.00274658203125,0.0054931640625,True,True
qp0d01,6,-5.26519775390625,90.7086181640625,0.00274658203125,0.0054931640625,True,True
qp0d02,6,-5.27069091796875,90.7196044921875,0.00274658203125,0.0054931640625,True,True
qp0d03,6,-5.26519775390625,90.7196044921875,0.00274658203125,0.0054931640625,True,True
qp0d04,6,-5.25970458984375,90.7086181640625,0.00274658203125,0.0054931640625,True,True
qp0d05,6,-5.25421142578125,90.7086181640625,0.00274658203125,0.0054931640625,True,True
qp0d06,6,-5.25970458984375,90.7196044921875,0.00274658203125,0.0054931640625,True,True
qp0d07,6,-5.25421142578125,90.7196044921875,0.00274658203125,0.0054931640625,True,True
qp0d0b,6,-5.27069091796875,90.7415771484375,0.00274658203125,0.0054931640625,True,True
qp0d0c,6,-5.26519775390625,90.7415771484375,0.00274658203125,0.0054931640625,True,True
qp0d0f,6,-5.25970458984375,90.7415771484375,0.00274658203125,0.0054931640625,True,True
qp0d0g,6,-5.25421142578125,90.7415771484375,0.00274658203125,0.0054931640625,True,True
qp0d0h,6,-5.24871826171875,90.7086181640625,0.00274658203125,0.0054931640625,True,True
qp0d0j,6,-5.24322509765625,90.7086181640625,0.00274658203125,0.0054931640625,True,True
qp0d0k,6,-5.24871826171875,90.7196044921875,0.00274658203125,0.0054931640625,True,True
qp0d0m,6,-5.24322509765625,90.7196044921875,0.00274658203125,0.0054931640625,True,True
qp0d0n,6,-5.23773193359375,90.7086181640625,0.00274658203125,0.0054931640625,True,True
qp0d0q,6,-5.23773193359375,90.7196044921875,0.00274658203125,0.0054931640625,True,True
qp0d0s,6,-5.24871826171875,90.7305908203125,0.00274658203125,0.0054931640625,True,False
qp0d0t,6,-5.24322509765625,90.7305908203125,0.00274658203125,0.0054931640625,True,True
qp0d0u,6,-5.24871826171875,90.7415771484375,0.00274658203125,0.0054931640625,True,False
qp0d0v,6,-5.24322509765625,90.7415771484375,0.00274658203125,0.0054931640625,True,True
qp0d0w,6,-5.23773193359375,90.7305908203125,0.00274658203125,0.0054931640625,True,True
qp0d0y,6,-5.23773193359375,90.7415771484375,0.00274658203125,0.0054931640625,True,True
qp0d10,6,-5.27069091796875,90.7525634765625,0.00274658203125,0.0054931640625,True,True
qp0d11,6,-5.26519775390625,90.7525634765625,0.00274658203125,0.0054931640625,True,True
qp0d12,6,-5.27069091796875,90.7635498046875,0.00274658203125,0.0054931640625,True,True
qp0d13,6,-5.26519775390625,90.7635498046875,0.00274658203125,0.0054931640625,True,True
qp0d14,6,-5.25970458984375,90.7525634765625,0.00274658203125,0.0054931640625,True,True
qp0d15,6,-5.25421142578125,90.7525634765625,0.00274658203125,0.0054931640625,True,True
qp0d16,6,-5.25970458984375,90.7635498046875,0.00274658203125,0.0054931640625,True,True
qp0d17,6,-5.25421142578125,90.7635498046875,0.00274658203125,0.0054931640625,True,True
qp0d18,6,-5.27069091796875,90.7745361328125,0.00274658203125,0.0054931640625,True,True
qp0d19,6,-5.26519775390625,90.7745361328125,0.00274658203125,0.0054931640625,True,True
qp0d1b,6,-5.27069091796875,90.7855224609375,0.00274658203125,0.0054931640625,True,True
qp0d1c,6,-5.26519775390625,90.7855224609375,0.00274658203125,0.0054931640625,True,True
qp0d1d,6,-5.25970458984375,90.7745361328125,0.00274658203125,0.0054931640625,True,True
qp0d1e,6,-5.25421142578125,90.7745361328125,0.00274658203125,0.0054931640625,True,True
qp0d1f,6,-5.25970458984375,90.7855224609375,0.00274658203125,0.0054931640625,True,True
qp0d1g,6,-5.25421142578125,90.7855224609375,0.00274658203125,0.0054931640625,True,True
qp0d1h,6,-5.24871826171875,90.7525634765625,0.00274658203125,0.0054931640625,True,True
qp0d1j,6,-5.24322509765625,90.7525634765625,0.00274658203125,0.0054931640625,True,True
qp0d1k,6,-5.24871826171875,90.7635498046875,0.00274658203125,0.0054931640625,True,True
qp0d1m,6,-5.24322509765625,90.7635498046875,0.00274658203125,0.0054931640625,True,True
qp0d1n,6,-5.23773193359375,90.7525634765625,0.00274658203125,0.0054931640625,True,True
qp0d1q,6,-5.23773193359375,90.7635498046875,0.00274658203125,0.0054931640625,True,True
qp0d1t,6,-5.24322509765625,90.7745361328125,0.00274658203125,0.0054931640625,True,False
qp0d1u,6,-5.24871826171875,90.7855224609375,0.00274658203125,0.0054931640625,True,True
qp0d1v,6,-5.24322509765625,90.7855224609375,0.00274658203125,0.0054931640625,True,False
qp0d1w,6,-5.23773193359375,90.7745361328125,0.00274658203125,0.0054931640625,True,True
qp0d1y,6,-5.23773193359375,90.7855224609375,0.00274658203125,0.0054931640625,True,True
qp0d42,6,-5.27069091796875,90.8074951171875,0.00274658203125,0.0054931640625,True,True
qp0d48,6,-5.27069091796875,90.8184814453125,0.00274658203125,0.0054931640625,True,True
qp0d49,6,-5.26519775390625,90.8184814453125,0.00274658203125,0.0054931640625,True,True
qp0d4b,6,-5.27069091796875,90.8294677734375,0.00274658203125,0.0054931640625,True,True
qp0d4c,6,-5.26519775390625,90.8294677734375,0.00274658203125,0.0054931640625,True,True
qp0d4d,6,-5.25970458984375,90.8184814453125,0.00274658203125,0.0054931640625,True,True
qp0d4e,6,-5.25421142578125,90.8184814453125,0.00274658203125,0.0054931640625,True,True
qp0d4f,6,-5.25970458984375,90.8294677734375,0.00274658203125,0.0054931640625,True,True
qp0d4g,6,-5.25421142578125,90.8294677734375,0.00274658203125,0.0054931640625,True,True
qp0d4h,6,-5.24871826171875,90.7965087890625,0.00274658203125,0.0054931640625,True,True
qp0d4n,6,-5.23773193359375,90.7965087890625,0.00274658203125,0.0054931640625,True,True
qp0d4q,6,-5.23773193359375,90.8074951171875,0.00274658203125,0.0054931640625,True,True
qp0d4s,6,-5.24871826171875,90.8184814453125,0.00274658203125,0.0054931640625,True,True
qp0d4t,6,-5.24322509765625,90.8184814453125,0.00274658203125,0.0054931640625,True,True
qp0d4u,6,-5.24871826171875,90.8294677734375,0.00274658203125,0.0054931640625,True,True
qp0d4v,6,-5.24322509765625,90.8294677734375,0.00274658203125,0.0054931640625,True,True
qp0d4w,6,-5.23773193359375,90.8184814453125,0.00274658203125,0.0054931640625,True,True
qp0d4y,6,-5.23773193359375,90.8294677734375,0.00274658203125,0.0054931640625,True,True
qp0d50,6,-5.27069091796875,90.8404541015625,0.00274658203125,0.0054931640625,True,True
qp0d51,6,-5.26519775390625,90.8404541015625,0.00274658203125,0.0054931640625,True,True
qp0d52,6,-5.27069091796875,90.8514404296875,0.00274658203125,0.0054931640625,True,True
qp0d53,6,-5.26519775390625,90.8514404296875,0.00274658203125,0.0054931640625,True,True
qp0d54,6,-5.25970458984375,90.8404541015625,0.00274658203125,0.0054931640625,True,True
qp0d55,6,-5.25421142578125,90.8404541015625,0.00274658203125,0.0054931640625,True,True
qp0d56,6,-5.25970458984375,90.8514404296875,0.00274658203125,0.0054931640625,True,True
qp0d57,6,-5.25421142578125,90.8514404296875,0.00274658203125,0.0054931640625,True,True
qp0d58,6,-5.27069091796875,90.8624267578125,0.00274658203125,0.0054931640625,True,True
qp0d59,6,-5.26519775390625,90.8624267578125,0.00274658203125,0.0054931640625,True,True
qp0d5b,6,-5.27069091796875,90.8734130859375,0.00274658203125,0.0054931640625,True,True
qp0d5c,6,-5.26519775390625,90.8734130859375,0.00274658203125,0.0054931640625,True,True
qp0d5d,6,-5.25970458984375,90.8624267578125,0.00274658203125,0.0054931640625,True,False
qp0d5e,6,-5.25421142578125,90.8624267578125,0.00274658203125,0.0054931640625,True,True
qp0d5f,6,-5.25970458984375,90.8734130859375,0.00274658203125,0.0054931640625,True,True
qp0d5g,6,-5.25421142578125,90.8734130859375,0.00274658203125,0.0054931640625,True,True
qp0d5h,6,-5.24871826171875,90.8404541015625,0.00274658203125,0.0054931640625,True,True
qp0d5j,6,-5.24322509765625,90.8404541015625,0.00274658203125,0.0054931640625,True,True
qp0d5m,6,-5.24322509765625,90.8514404296875,0.00274658203125,0.0054931640625,True,True
qp0d5q,6,-5.23773193359375,90.8514404296875,0.00274658203125,0.0054931640625,True,False
qp0d5t,6,-5.24322509765625,90.8624267578125,0.00274658203125,0.0054931640625,True,False
qp0dh0,6,-5.27069091796875,90.8843994140625,0.00274658203125,0.0054931640625,True,True
qp0dh1,6,-5.26519775390625,90.8843994140625,0.00274658203125,0.0054931640625,True,True
qp0dh2,6,-5.27069091796875,90.8953857421875,0.00274658203125,0.0054931640625,True,True
qp0dh3,6,-5.26519775390625,90.8953857421875,0.00274658203125,0.0054931640625,True,True
qp0dh4,6,-5.25970458984375,90.8843994140625,0.00274658203125,0.0054931640625,True,True
qp0dh5,6,-5.25421142578125,90.8843994140625,0.00274658203125,0.0054931640625,True,True
qp0dh6,6,-5.25970458984375,90.8953857421875,0.00274658203125,0.0054931640625,True,True
qp0dh7,6,-5.25421142578125,90.8953857421875,0.00274658203125,0.0054931640625,True,True
qp0dh8,6,-5.27069091796875,90.9063720703125,0.00274658203125,0.0054931640625,True,True
qp0dh9,6,-5.26519775390625,90.9063720703125,0.00274658203125,0.0054931640625,True,True
qp0dhb,6,-5.27069091796875,90.9173583984375,0.00274658203125,0.0054931640625,True,True
qp0dhc,6,-5.26519775390625,90.9173583984375,0.00274658203125,0.0054931640625,True,True
qp0dhd,6,-5.25970458984375,90.9063720703125,0.00274658203125,0.0054931640625,True,True
qp0dhe,6,-5.25421142578125,90.9063720703125,0.00274658203125,0.0054931640625,True,True
qp0dhf,6,-5.25970458984375,90.9173583984375,0.00274658203125,0.0054931640625,True,False
qp0dhg,6,-5.25421142578125,90.9173583984375,0.00274658203125,0.0054931640625,True,True
qp0dhh,6,-5.24871826171875,90.8843994140625,0.00274658203125,0.0054931640625,True,True
qp0dhj,6,-5.24322509765625,90.8843994140625,0.00274658203125,0.0054931640625,True,True
qp0dhk,6,-5.24871826171875,90.8953857421875,0.00274658203125,0.0054931640625,True,True
qp0dhm,6,-5.24322509765625,90.8953857421875,0.00274658203125,0.0054931640625,True,True
qp0dhq,6,-5.23773193359375,90.8953857421875,0.00274658203125,0.0054931640625,True,True
qp0dhs,6,-5.24871826171875,90.9063720703125,0.00274658203125,0.0054931640625,True,True
qp0dht,6,-5.24322509765625,90.9063720703125,0.00274658203125,0.0054931640625,True,True
qp0dhu,6,-5.24871826171875,90.9173583984375,0.00274658203125,0.0054931640625,True,True
qp0dhv,6,-5.24322509765625,90.9173583984375,0.00274658203125,0.0054931640625,True,True
qp0dhw,6,-5.23773193359375,90.9063720703125,0.00274658203125,0.0054931640625,True,True
qp0dhy,6,-5.23773193359375,90.9173583984375,0.00274658203125,0.0054931640625,True,True
qp0dj0,6,-5.27069091796875,90.9283447265625,0.00274658203125,0.0054931640625,True,True
qp0dj1,6,-5.26519775390625,90.9283447265625,0.00274658203125,0.0054931640625,True,True
qp0dj2,6,-5.27069091796875,90.9393310546875,0.00274658203125,0.0054931640625,True,True
qp0dj3,6,-5.26519775390625,90.9393310546875,0.00274658203125,0.0054931640625,True,True
qp0dj4,6,-5.25970458984375,90.9283447265625,0.00274658203125,0.0054931640625,True,True
qp0dj5,6,-5.25421142578125,90.9283447265625,0.00274658203125,0.0054931640625,True,True
qp0dj6,6,-5.25970458984375,90.9393310546875,0.00274658203125,0.0054931640625,True,True
qp0dj7,6,-5.25421142578125,90.9393310546875,0.00274658203125,0.0054931640625,True,True
qp0dj8,6,-5.27069091796875,90.9503173828125,0.00274658203125,0.0054931640625,True,True
qp0dj9,6,-5.26519775390625,90.9503173828125,0.00274658203125,0.0054931640625,True,True
qp0djb,6,-5.27069091796875,90.9613037109375,0.00274658203125,0.0054931640625,True,True
qp0djc,6,-5.26519775390625,90.9613037109375,0.00274658203125,0.0054931640625,True,True
qp0djd,6,-5.25970458984375,90.9503173828125,0.00274658203125,0.0054931640625,True,True
qp0dje,6,-5.25421142578125,90.9503173828125,0.00274658203125,0.0054931640625,True,True
qp0djf,6,-5.25970458984375,90.9613037109375,0.00274658203125,0.0054931640625,True,True
qp0djg,6,-5.25421142578125,90.9613037109375,0.00274658203125,0.0054931640625,True,True
qp0djh,6,-5.24871826171875,90.9283447265625,0.00274658203125,0.0054931640625,True,True
qp0djj,6,-5.24322509765625,90.9283447265625,0.00274658203125,0.0054931640625,True,True
qp0djk,6,-5.24871826171875,90.9393310546875,0.00274658203125,0.0054931640625,True,True
qp0djm,6,-5.24322509765625,90.9393310546875,0.00274658203125,0.0054931640625,True,True
qp0djn,6,-5.23773193359375,90.9283447265625,0.00274658203125,0.0054931640625,True,True
qp0djq,6,-5.23773193359375,90.9393310546875,0.00274658203125,0.0054931640625,True,True
qp0djs,6,-5.24871826171875,90.9503173828125,0.00274658203125,0.0054931640625,True,True
qp0djt,6,-5.24322509765625,90.9503173828125,0.00274658203125,0.0054931640625,True,True
qp0dju,6,-5.24871826171875,90.9613037109375,0.00274658203125,0.0054931640625,True,False
qp0djw,6,-5.23773193359375,90.9503173828125,0.00274658203125,0.0054931640625,True,True
qp0djy,6,-5.23773193359375,90.9613037109375,0.00274658203125,0.0054931640625,True,True
qp0dn0,6,-5.27069091796875,90.9722900390625,0.00274658203125,0.0054931640625,True,False
qp0dn1,6,-5.26519775390625,90.9722900390625,0.00274658203125,0.0054931640625,False,True
qp0dn4,6,-5.25970458984375,90.9722900390625,0.00274658203125,0.0054931640625,True,True
qp0dn5,6,-5.25421142578125,90.9722900390625,0.00274658203125,0.0054931640625,True,False
qp0dnh,6,-5.24871826171875,90.9722900390625,0.00274658203125,0.0054931640625,True,False
qp0dnj,6,-5.24322509765625,90.9722900390625,0.00274658203125,0.0054931640625,True,True
qp0dnn,6,-5.23773193359375,90.9722900390625,0.00274658203125,0.0054931640625,True,False
